session_id,user_id,device,traffic_source,session_date,session_start_time
1,USER_2824,Desktop,Paid Search,2024-01-18,19:07:55
2,USER_1409,Tablet,Paid Search,2024-05-25,16:17:44
3,USER_5506,Mobile,Email,2024-11-01,07:23:28
4,USER_5012,Mobile,Paid Search,2024-01-09,19:43:42
5,USER_4657,Desktop,Email,2024-09-22,15:32:26
6,USER_3286,Desktop,Organic,2024-03-10,21:12:00
7,USER_2679,Desktop,Email,2024-06-03,20:52:20
8,USER_9935,Tablet,Email,2024-01-04,00:40:23
9,USER_2424,Mobile,Organic,2024-06-02,01:51:47
10,USER_7912,Mobile,Paid Search,2024-04-23,10:43:28
11,USER_1520,Desktop,Organic,2024-04-19,07:38:31
12,USER_1488,Tablet,Social,2024-06-10,12:47:39
13,USER_2535,Mobile,Paid Search,2024-01-12,02:22:27
14,USER_4582,Desktop,Social,2024-12-19,15:42:54
15,USER_4811,Desktop,Organic,2024-05-21,22:57:06
16,USER_9279,Desktop,Organic,2024-10-10,23:24:18
17,USER_1434,Desktop,Organic,2024-09-18,19:12:45
18,USER_4257,Mobile,Paid Search,2024-10-11,04:55:33
19,USER_9928,Mobile,Social,2024-10-19,18:50:54
20,USER_7873,Desktop,Email,2024-10-19,22:32:02
21,USER_4611,Mobile,Social,2024-03-20,04:31:50
22,USER_8359,Desktop,Paid Search,2024-02-18,02:19:53
23,USER_5557,Desktop,Direct,2024-01-20,21:35:55
24,USER_1106,Desktop,Social,2024-08-23,14:10:57
25,USER_3615,Mobile,Direct,2024-07-01,14:07:30
26,USER_7924,Mobile,Paid Search,2024-03-20,21:34:15
27,USER_6574,Desktop,Organic,2024-03-11,07:13:10
28,USER_5552,Mobile,Organic,2024-05-15,21:44:05
29,USER_3547,Mobile,Social,2024-07-06,03:27:45
30,USER_4527,Desktop,Organic,2024-10-25,00:10:59
31,USER_6514,Mobile,Paid Search,2024-05-07,10:57:24
32,USER_2674,Desktop,Paid Search,2024-04-29,08:14:46
33,USER_2519,Desktop,Social,2024-05-11,08:42:30
34,USER_7224,Tablet,Social,2024-06-02,21:07:42
35,USER_2584,Tablet,Organic,2024-02-17,04:59:34
36,USER_6881,Mobile,Paid Search,2024-10-19,20:46:31
37,USER_6635,Desktop,Social,2024-07-23,02:50:44
38,USER_5333,Desktop,Direct,2024-10-18,10:55:14
39,USER_1711,Mobile,Social,2024-04-21,18:49:59
40,USER_8527,Mobile,Direct,2024-02-09,19:04:41
41,USER_9785,Desktop,Email,2024-06-15,10:24:58
42,USER_3045,Mobile,Social,2024-09-04,22:47:47
43,USER_7201,Desktop,Organic,2024-03-29,23:24:41
44,USER_2291,Tablet,Social,2024-09-06,20:50:35
45,USER_5803,Desktop,Social,2024-12-19,13:51:14
46,USER_6925,Mobile,Social,2024-12-25,07:16:07
47,USER_4150,Desktop,Paid Search,2024-10-22,09:05:07
48,USER_2139,Mobile,Paid Search,2024-02-18,02:21:47
49,USER_1750,Mobile,Paid Search,2024-10-31,18:59:12
50,USER_4733,Desktop,Paid Search,2024-11-24,23:07:36
51,USER_5741,Tablet,Organic,2024-06-02,11:08:54
52,USER_2307,Mobile,Email,2024-01-20,10:24:36
53,USER_4814,Tablet,Organic,2024-10-22,23:00:19
54,USER_2654,Tablet,Organic,2024-07-14,01:37:34
55,USER_7227,Mobile,Paid Search,2024-02-10,06:54:24
56,USER_5554,Tablet,Social,2024-01-29,13:20:49
57,USER_8428,Desktop,Paid Search,2024-06-20,11:51:43
58,USER_6977,Desktop,Organic,2024-06-27,04:33:42
59,USER_3664,Desktop,Social,2024-08-10,19:37:14
60,USER_7065,Desktop,Paid Search,2024-08-01,03:25:00
61,USER_6820,Desktop,Direct,2024-03-02,17:54:29
62,USER_4432,Desktop,Direct,2024-04-26,10:09:52
63,USER_5374,Mobile,Paid Search,2024-11-30,09:53:14
64,USER_2169,Desktop,Paid Search,2024-11-04,15:43:29
65,USER_3803,Desktop,Social,2024-01-06,04:38:18
66,USER_9751,Mobile,Organic,2024-11-20,04:47:42
67,USER_5010,Desktop,Paid Search,2024-11-19,22:02:38
68,USER_3677,Mobile,Paid Search,2024-07-14,10:19:32
69,USER_8573,Desktop,Direct,2024-01-28,22:07:17
70,USER_7216,Tablet,Organic,2024-06-05,22:36:30
71,USER_5422,Mobile,Social,2024-09-25,20:53:13
72,USER_4598,Desktop,Social,2024-01-22,15:18:45
73,USER_6313,Desktop,Paid Search,2024-06-12,12:03:51
74,USER_1916,Mobile,Organic,2024-10-03,10:09:52
75,USER_4752,Mobile,Direct,2024-10-16,22:13:54
76,USER_1525,Mobile,Paid Search,2024-03-17,23:59:51
77,USER_6168,Mobile,Social,2024-06-16,07:44:47
78,USER_7572,Desktop,Organic,2024-09-14,01:59:55
79,USER_5386,Desktop,Paid Search,2024-12-23,05:54:31
80,USER_2084,Desktop,Paid Search,2024-04-23,23:25:19
81,USER_4456,Tablet,Organic,2024-03-19,21:58:54
82,USER_6155,Mobile,Organic,2024-01-26,05:01:35
83,USER_4483,Desktop,Email,2024-12-10,12:21:27
84,USER_9179,Desktop,Organic,2024-07-20,21:30:22
85,USER_7482,Desktop,Organic,2024-08-16,12:25:04
86,USER_8517,Desktop,Paid Search,2024-10-31,16:46:18
87,USER_3340,Mobile,Email,2024-10-21,09:44:59
88,USER_5339,Mobile,Organic,2024-09-15,06:44:54
89,USER_3287,Tablet,Social,2024-02-16,17:25:06
90,USER_5040,Mobile,Organic,2024-04-23,04:20:48
91,USER_9830,Desktop,Organic,2024-08-09,18:55:51
92,USER_5304,Mobile,Organic,2024-05-28,01:54:59
93,USER_8019,Mobile,Email,2024-07-20,22:19:29
94,USER_7543,Mobile,Organic,2024-03-16,20:10:36
95,USER_6930,Mobile,Organic,2024-03-08,04:28:44
96,USER_4593,Mobile,Paid Search,2024-06-21,15:18:57
97,USER_3266,Mobile,Email,2024-02-12,04:13:13
98,USER_9348,Mobile,Organic,2024-08-31,23:12:47
99,USER_9085,Desktop,Paid Search,2024-10-19,20:00:23
100,USER_2489,Desktop,Organic,2024-01-26,23:54:36
101,USER_1771,Desktop,Paid Search,2024-10-07,03:43:50
102,USER_2796,Mobile,Social,2024-07-23,04:24:27
103,USER_3504,Desktop,Social,2024-05-14,21:53:10
104,USER_3621,Mobile,Paid Search,2024-02-13,01:06:22
105,USER_7916,Tablet,Paid Search,2024-07-23,15:11:03
106,USER_2040,Desktop,Organic,2024-09-13,03:32:41
107,USER_7304,Mobile,Paid Search,2024-08-10,10:37:27
108,USER_7252,Mobile,Organic,2024-12-23,04:40:46
109,USER_8668,Desktop,Email,2024-03-07,12:15:02
110,USER_9669,Desktop,Direct,2024-03-10,03:15:25
111,USER_5119,Desktop,Direct,2024-09-03,15:19:44
112,USER_1188,Desktop,Email,2024-10-13,19:11:41
113,USER_2876,Tablet,Social,2024-04-11,23:24:49
114,USER_9797,Mobile,Social,2024-09-06,22:50:42
115,USER_5371,Mobile,Organic,2024-07-21,21:05:49
116,USER_6573,Tablet,Social,2024-11-29,14:55:52
117,USER_2827,Mobile,Paid Search,2024-10-19,20:24:17
118,USER_5808,Desktop,Paid Search,2024-04-10,20:41:28
119,USER_8123,Tablet,Email,2024-10-14,11:00:07
120,USER_3591,Mobile,Organic,2024-11-11,03:05:07
121,USER_8433,Mobile,Paid Search,2024-09-25,15:41:42
122,USER_1053,Tablet,Direct,2024-05-06,16:14:01
123,USER_5315,Desktop,Organic,2024-05-04,18:36:36
124,USER_9201,Desktop,Paid Search,2024-02-06,15:17:44
125,USER_3927,Desktop,Direct,2024-05-16,23:06:50
126,USER_9317,Mobile,Social,2024-08-08,18:11:24
127,USER_2743,Mobile,Paid Search,2024-06-14,15:41:44
128,USER_5889,Tablet,Organic,2024-12-16,13:19:36
129,USER_9317,Desktop,Paid Search,2024-10-21,04:06:20
130,USER_4258,Mobile,Email,2024-02-15,02:45:58
131,USER_3504,Mobile,Social,2024-02-27,17:11:25
132,USER_7126,Desktop,Paid Search,2024-12-09,22:01:25
133,USER_3646,Desktop,Organic,2024-07-30,17:52:34
134,USER_9837,Desktop,Organic,2024-08-04,16:31:04
135,USER_9689,Tablet,Direct,2024-07-06,16:53:37
136,USER_1009,Desktop,Paid Search,2024-06-27,17:45:52
137,USER_6310,Mobile,Social,2024-04-07,20:07:48
138,USER_9005,Mobile,Organic,2024-06-13,06:42:57
139,USER_1319,Desktop,Social,2024-06-25,03:11:55
140,USER_2832,Tablet,Direct,2024-10-31,19:44:11
141,USER_6947,Tablet,Social,2024-12-01,00:35:28
142,USER_6038,Desktop,Organic,2024-01-13,10:07:02
143,USER_4923,Mobile,Social,2024-06-05,04:36:13
144,USER_1949,Desktop,Email,2024-03-27,20:10:05
145,USER_4946,Desktop,Paid Search,2024-06-28,17:16:54
146,USER_2290,Desktop,Email,2024-11-11,01:05:07
147,USER_2403,Mobile,Social,2024-08-14,16:19:23
148,USER_8962,Mobile,Email,2024-11-15,17:10:27
149,USER_2133,Desktop,Social,2024-03-15,21:00:15
150,USER_9727,Desktop,Organic,2024-08-13,09:02:33
151,USER_3060,Tablet,Paid Search,2024-01-23,09:42:34
152,USER_3103,Desktop,Organic,2024-04-29,14:08:36
153,USER_8787,Desktop,Direct,2024-04-12,15:44:20
154,USER_3705,Mobile,Email,2024-12-16,16:58:22
155,USER_5342,Tablet,Social,2024-07-10,19:34:32
156,USER_9645,Desktop,Paid Search,2024-03-20,06:44:06
157,USER_7932,Mobile,Organic,2024-02-13,21:52:02
158,USER_4470,Mobile,Email,2024-02-27,07:02:12
159,USER_9835,Desktop,Paid Search,2024-01-28,04:19:54
160,USER_4295,Mobile,Organic,2024-05-04,06:08:38
161,USER_6107,Desktop,Social,2024-11-13,17:13:37
162,USER_7537,Mobile,Organic,2024-03-16,11:17:08
163,USER_7118,Mobile,Paid Search,2024-05-27,23:39:27
164,USER_8177,Mobile,Paid Search,2024-01-08,02:35:16
165,USER_9479,Desktop,Organic,2024-06-24,08:24:41
166,USER_8397,Mobile,Direct,2024-12-21,05:25:29
167,USER_2982,Desktop,Organic,2024-02-26,02:16:43
168,USER_5061,Desktop,Organic,2024-06-05,13:44:09
169,USER_4681,Desktop,Organic,2024-08-18,17:13:04
170,USER_2049,Mobile,Email,2024-08-29,20:46:17
171,USER_6539,Mobile,Paid Search,2024-01-12,20:44:41
172,USER_1344,Desktop,Social,2024-06-18,06:45:23
173,USER_4770,Mobile,Organic,2024-04-17,18:42:41
174,USER_4608,Desktop,Organic,2024-10-02,16:38:10
175,USER_1117,Mobile,Paid Search,2024-04-18,13:52:09
176,USER_2163,Desktop,Email,2024-04-14,10:50:27
177,USER_1964,Mobile,Email,2024-10-06,12:01:38
178,USER_4750,Desktop,Organic,2024-09-24,07:04:17
179,USER_2104,Tablet,Paid Search,2024-05-12,03:34:07
180,USER_1514,Desktop,Direct,2024-10-07,21:35:26
181,USER_6413,Desktop,Paid Search,2024-09-04,02:21:40
182,USER_2160,Desktop,Email,2024-11-14,02:23:58
183,USER_9423,Tablet,Organic,2024-03-13,10:49:17
184,USER_4899,Tablet,Direct,2024-12-21,04:55:51
185,USER_5562,Desktop,Email,2024-12-23,07:17:00
186,USER_8953,Mobile,Direct,2024-12-08,03:24:14
187,USER_4510,Mobile,Social,2024-01-10,12:06:50
188,USER_9834,Mobile,Paid Search,2024-07-11,03:11:33
189,USER_3167,Mobile,Direct,2024-10-25,23:56:19
190,USER_8744,Desktop,Organic,2024-12-05,18:52:51
191,USER_4981,Desktop,Paid Search,2024-09-26,15:06:33
192,USER_8749,Tablet,Social,2024-01-23,11:44:36
193,USER_7669,Tablet,Email,2024-05-10,09:35:17
194,USER_4119,Mobile,Direct,2024-03-28,19:06:57
195,USER_2545,Desktop,Organic,2024-01-31,01:10:20
196,USER_2588,Desktop,Email,2024-05-25,12:11:22
197,USER_8062,Mobile,Social,2024-04-12,23:43:50
198,USER_6804,Tablet,Organic,2024-12-22,17:35:38
199,USER_7939,Tablet,Paid Search,2024-11-12,12:30:37
200,USER_7735,Mobile,Organic,2024-05-18,04:16:00
201,USER_8651,Mobile,Paid Search,2024-01-28,21:32:45
202,USER_1887,Desktop,Direct,2024-08-26,04:42:08
203,USER_2612,Desktop,Social,2024-12-01,04:24:36
204,USER_1993,Tablet,Social,2024-01-05,23:17:03
205,USER_7596,Mobile,Direct,2024-02-04,23:40:23
206,USER_6559,Desktop,Paid Search,2024-07-17,22:49:15
207,USER_2790,Desktop,Email,2024-12-04,21:38:26
208,USER_5073,Mobile,Paid Search,2024-05-18,22:29:11
209,USER_4139,Desktop,Email,2024-12-05,14:22:51
210,USER_4116,Desktop,Organic,2024-12-03,14:32:18
211,USER_9786,Mobile,Direct,2024-07-03,08:27:33
212,USER_8350,Mobile,Organic,2024-02-25,22:56:59
213,USER_3296,Mobile,Paid Search,2024-01-10,07:19:40
214,USER_7912,Desktop,Email,2024-05-29,02:19:26
215,USER_4006,Mobile,Paid Search,2024-11-28,10:54:05
216,USER_5563,Desktop,Social,2024-07-16,20:05:04
217,USER_8579,Desktop,Paid Search,2024-04-28,23:15:05
218,USER_5092,Mobile,Social,2024-07-13,05:36:03
219,USER_2235,Mobile,Organic,2024-09-17,02:47:18
220,USER_8260,Mobile,Organic,2024-12-29,17:59:31
221,USER_2604,Mobile,Organic,2024-02-20,00:27:43
222,USER_1828,Mobile,Paid Search,2024-06-10,16:59:46
223,USER_9856,Desktop,Organic,2024-09-05,04:30:31
224,USER_1241,Desktop,Paid Search,2024-11-01,16:43:43
225,USER_2528,Desktop,Paid Search,2024-09-29,17:44:07
226,USER_4872,Desktop,Organic,2024-02-15,12:00:39
227,USER_3724,Tablet,Social,2024-04-05,06:58:53
228,USER_7658,Desktop,Email,2024-04-11,23:00:45
229,USER_8956,Tablet,Organic,2024-09-13,13:44:34
230,USER_8886,Mobile,Social,2024-08-22,23:22:15
231,USER_4502,Mobile,Social,2024-10-14,23:42:58
232,USER_7570,Mobile,Paid Search,2024-12-30,16:43:38
233,USER_1960,Mobile,Social,2024-01-12,01:38:28
234,USER_3697,Mobile,Paid Search,2024-01-21,05:43:59
235,USER_7209,Desktop,Paid Search,2024-05-06,16:57:14
236,USER_1035,Mobile,Organic,2024-09-28,05:04:23
237,USER_7396,Desktop,Social,2024-06-05,04:32:22
238,USER_5345,Desktop,Social,2024-06-19,01:27:31
239,USER_8454,Mobile,Organic,2024-09-07,12:10:23
240,USER_5673,Desktop,Paid Search,2024-07-20,03:21:58
241,USER_7930,Tablet,Direct,2024-03-21,21:15:53
242,USER_8973,Tablet,Paid Search,2024-01-10,17:54:49
243,USER_3536,Tablet,Paid Search,2024-06-26,03:18:19
244,USER_4111,Desktop,Direct,2024-12-16,15:18:16
245,USER_5861,Desktop,Social,2024-06-29,06:00:47
246,USER_4566,Tablet,Social,2024-06-30,20:36:25
247,USER_1958,Mobile,Email,2024-11-16,06:59:19
248,USER_9883,Tablet,Email,2024-06-03,20:32:52
249,USER_1998,Tablet,Paid Search,2024-04-30,01:59:29
250,USER_6138,Tablet,Paid Search,2024-09-13,19:54:31
251,USER_1936,Desktop,Paid Search,2024-05-21,01:22:00
252,USER_1821,Desktop,Direct,2024-02-01,19:29:21
253,USER_8811,Tablet,Social,2024-11-16,09:22:06
254,USER_9238,Desktop,Organic,2024-05-11,00:22:56
255,USER_9701,Desktop,Email,2024-07-17,23:11:25
256,USER_3579,Mobile,Paid Search,2024-01-16,11:00:06
257,USER_1931,Tablet,Organic,2024-10-11,13:31:12
258,USER_9320,Mobile,Paid Search,2024-05-23,02:33:32
259,USER_2312,Mobile,Paid Search,2024-04-25,04:26:07
260,USER_4044,Desktop,Email,2024-03-18,15:00:09
261,USER_2122,Mobile,Organic,2024-06-23,21:16:14
262,USER_2113,Tablet,Email,2024-07-20,15:25:23
263,USER_4853,Desktop,Social,2024-12-02,09:23:27
264,USER_7615,Mobile,Organic,2024-03-11,05:34:51
265,USER_2964,Tablet,Direct,2024-02-14,08:06:28
266,USER_5033,Mobile,Paid Search,2024-07-14,21:53:28
267,USER_1651,Mobile,Organic,2024-09-23,05:08:22
268,USER_2343,Mobile,Paid Search,2024-12-13,23:27:00
269,USER_7868,Desktop,Email,2024-11-09,11:56:55
270,USER_9565,Desktop,Paid Search,2024-11-16,22:12:07
271,USER_6183,Mobile,Organic,2024-12-17,06:18:02
272,USER_5272,Mobile,Organic,2024-04-26,04:25:26
273,USER_4346,Tablet,Organic,2024-08-01,23:21:57
274,USER_6147,Tablet,Email,2024-05-03,01:10:42
275,USER_4910,Mobile,Paid Search,2024-10-20,06:30:42
276,USER_5351,Mobile,Organic,2024-03-19,08:07:26
277,USER_7484,Mobile,Organic,2024-08-06,15:35:31
278,USER_3144,Mobile,Paid Search,2024-06-08,21:45:08
279,USER_5915,Mobile,Direct,2024-11-05,10:48:48
280,USER_8491,Mobile,Paid Search,2024-06-17,12:32:46
281,USER_6180,Tablet,Direct,2024-08-17,23:53:52
282,USER_2188,Desktop,Paid Search,2024-10-04,12:08:07
283,USER_1152,Desktop,Organic,2024-03-08,03:50:01
284,USER_8508,Desktop,Email,2024-04-15,04:09:22
285,USER_2638,Mobile,Paid Search,2024-11-30,16:00:49
286,USER_2200,Desktop,Social,2024-03-11,21:15:03
287,USER_9808,Mobile,Direct,2024-10-24,21:53:21
288,USER_4492,Mobile,Organic,2024-10-04,13:38:47
289,USER_9288,Desktop,Organic,2024-12-16,00:27:30
290,USER_5345,Mobile,Social,2024-04-13,09:18:31
291,USER_3170,Desktop,Organic,2024-03-11,02:48:27
292,USER_6718,Desktop,Organic,2024-06-07,07:39:09
293,USER_2127,Mobile,Organic,2024-12-18,23:32:11
294,USER_5002,Desktop,Organic,2024-12-27,07:17:49
295,USER_7054,Desktop,Email,2024-09-25,03:55:16
296,USER_5669,Mobile,Organic,2024-03-10,22:15:42
297,USER_3584,Mobile,Paid Search,2024-08-08,13:12:30
298,USER_8179,Desktop,Social,2024-03-15,22:50:51
299,USER_9900,Mobile,Paid Search,2024-12-01,03:44:46
300,USER_5956,Desktop,Organic,2024-10-16,16:39:11
301,USER_9666,Desktop,Email,2024-03-21,06:54:37
302,USER_1128,Mobile,Organic,2024-06-11,20:40:09
303,USER_5905,Mobile,Email,2024-02-04,07:07:08
304,USER_2697,Mobile,Email,2024-10-12,12:02:17
305,USER_3200,Mobile,Paid Search,2024-09-29,06:59:09
306,USER_5333,Tablet,Paid Search,2024-03-01,13:01:39
307,USER_2891,Mobile,Paid Search,2024-04-04,06:05:55
308,USER_2753,Desktop,Paid Search,2024-06-11,01:24:26
309,USER_3546,Mobile,Email,2024-03-15,16:19:44
310,USER_5462,Desktop,Email,2024-01-16,20:14:14
311,USER_5616,Mobile,Paid Search,2024-06-12,10:27:30
312,USER_4450,Desktop,Social,2024-07-30,01:32:27
313,USER_6617,Desktop,Direct,2024-07-29,20:03:19
314,USER_4335,Tablet,Direct,2024-06-04,03:17:23
315,USER_5325,Mobile,Paid Search,2024-08-14,08:22:45
316,USER_9280,Mobile,Paid Search,2024-11-22,13:15:20
317,USER_9004,Mobile,Organic,2024-05-20,01:11:02
318,USER_5114,Desktop,Direct,2024-03-18,00:03:42
319,USER_1832,Desktop,Organic,2024-04-06,23:20:13
320,USER_2512,Desktop,Social,2024-02-24,09:30:17
321,USER_7939,Mobile,Organic,2024-03-08,19:06:27
322,USER_5533,Mobile,Organic,2024-04-04,05:16:31
323,USER_1722,Mobile,Paid Search,2024-01-14,11:21:19
324,USER_1058,Desktop,Direct,2024-11-09,03:06:42
325,USER_6464,Tablet,Organic,2024-11-11,00:43:35
326,USER_3143,Mobile,Social,2024-05-16,04:21:23
327,USER_5291,Mobile,Organic,2024-11-06,23:51:23
328,USER_3647,Mobile,Organic,2024-10-17,23:49:37
329,USER_8239,Mobile,Paid Search,2024-11-09,16:38:23
330,USER_8007,Desktop,Paid Search,2024-04-28,07:41:17
331,USER_1158,Desktop,Organic,2024-11-01,06:37:24
332,USER_2832,Mobile,Paid Search,2024-04-28,02:56:06
333,USER_2232,Desktop,Organic,2024-04-28,04:40:47
334,USER_3442,Desktop,Paid Search,2024-12-17,19:07:02
335,USER_9938,Desktop,Direct,2024-01-14,18:58:56
336,USER_1590,Desktop,Direct,2024-07-02,20:52:12
337,USER_7049,Tablet,Paid Search,2024-02-10,06:45:28
338,USER_3426,Mobile,Social,2024-12-18,03:04:34
339,USER_8041,Mobile,Direct,2024-09-01,19:21:19
340,USER_3088,Desktop,Organic,2024-03-09,23:30:48
341,USER_1685,Mobile,Email,2024-09-14,06:34:46
342,USER_6050,Mobile,Direct,2024-11-05,04:02:08
343,USER_6974,Desktop,Organic,2024-08-28,06:26:35
344,USER_1653,Mobile,Organic,2024-12-30,22:16:57
345,USER_6862,Desktop,Direct,2024-11-28,17:22:57
346,USER_4441,Mobile,Paid Search,2024-07-10,11:28:40
347,USER_5088,Mobile,Organic,2024-04-04,22:07:58
348,USER_2684,Desktop,Organic,2024-07-17,13:04:30
349,USER_6794,Desktop,Paid Search,2024-09-08,13:33:59
350,USER_7658,Mobile,Social,2024-08-30,16:50:01
351,USER_3532,Mobile,Social,2024-03-11,05:38:17
352,USER_4878,Tablet,Direct,2024-03-24,22:08:18
353,USER_3662,Mobile,Organic,2024-04-08,01:36:03
354,USER_3900,Desktop,Paid Search,2024-04-25,22:12:47
355,USER_7755,Desktop,Paid Search,2024-01-17,12:31:43
356,USER_1406,Mobile,Paid Search,2024-07-28,17:55:32
357,USER_3938,Desktop,Organic,2024-01-08,02:10:28
358,USER_6442,Mobile,Direct,2024-05-18,16:24:35
359,USER_7745,Tablet,Email,2024-07-30,12:25:38
360,USER_5065,Mobile,Paid Search,2024-04-23,08:13:11
361,USER_5371,Desktop,Social,2024-12-09,00:10:36
362,USER_3608,Mobile,Organic,2024-04-13,06:37:44
363,USER_2771,Mobile,Paid Search,2024-04-14,00:56:59
364,USER_7267,Mobile,Social,2024-02-03,16:29:32
365,USER_1634,Tablet,Paid Search,2024-03-31,22:46:33
366,USER_8711,Desktop,Direct,2024-08-12,08:19:54
367,USER_4644,Tablet,Social,2024-11-11,07:18:45
368,USER_4269,Tablet,Paid Search,2024-09-07,08:35:07
369,USER_8541,Desktop,Email,2024-12-18,05:14:02
370,USER_6728,Desktop,Organic,2024-06-15,17:15:18
371,USER_6000,Desktop,Paid Search,2024-08-22,01:40:09
372,USER_4728,Desktop,Paid Search,2024-05-06,08:59:08
373,USER_4652,Desktop,Paid Search,2024-08-06,08:55:50
374,USER_1387,Mobile,Email,2024-07-26,01:41:15
375,USER_4164,Desktop,Paid Search,2024-01-22,06:34:07
376,USER_7528,Desktop,Email,2024-11-07,00:41:22
377,USER_6378,Mobile,Social,2024-07-13,20:38:23
378,USER_5564,Desktop,Paid Search,2024-06-09,10:05:45
379,USER_2137,Mobile,Email,2024-07-20,17:16:46
380,USER_5573,Desktop,Organic,2024-11-09,04:26:57
381,USER_6753,Desktop,Organic,2024-10-19,19:18:20
382,USER_9346,Mobile,Paid Search,2024-10-31,01:40:52
383,USER_7548,Mobile,Organic,2024-10-01,00:52:22
384,USER_9785,Tablet,Organic,2024-09-25,07:46:17
385,USER_6425,Mobile,Social,2024-11-24,05:16:01
386,USER_1452,Mobile,Paid Search,2024-12-26,17:42:55
387,USER_2889,Desktop,Paid Search,2024-01-20,18:06:46
388,USER_5279,Desktop,Direct,2024-09-23,23:44:24
389,USER_3925,Mobile,Social,2024-02-25,20:16:55
390,USER_5349,Mobile,Email,2024-08-19,20:40:38
391,USER_1626,Tablet,Organic,2024-08-21,17:13:52
392,USER_2776,Mobile,Social,2024-01-22,14:14:20
393,USER_8119,Desktop,Email,2024-05-05,08:13:37
394,USER_6663,Mobile,Social,2024-09-22,20:51:54
395,USER_6139,Desktop,Social,2024-10-02,12:09:28
396,USER_8149,Tablet,Paid Search,2024-07-21,07:46:46
397,USER_9379,Tablet,Organic,2024-01-21,13:23:09
398,USER_2894,Mobile,Paid Search,2024-10-12,15:05:31
399,USER_7311,Mobile,Paid Search,2024-07-17,05:29:11
400,USER_4114,Mobile,Email,2024-09-21,05:12:36
401,USER_5173,Desktop,Organic,2024-11-18,15:46:11
402,USER_1727,Tablet,Direct,2024-01-26,20:18:01
403,USER_8144,Mobile,Direct,2024-04-07,09:10:56
404,USER_1027,Mobile,Organic,2024-05-29,05:52:25
405,USER_9518,Desktop,Paid Search,2024-08-13,21:38:12
406,USER_9821,Tablet,Email,2024-07-22,02:09:04
407,USER_4228,Desktop,Direct,2024-06-04,13:15:29
408,USER_6967,Desktop,Paid Search,2024-05-26,20:25:06
409,USER_8066,Tablet,Paid Search,2024-08-24,23:33:08
410,USER_2146,Desktop,Paid Search,2024-03-26,23:48:51
411,USER_6409,Desktop,Social,2024-08-04,00:38:06
412,USER_6143,Tablet,Organic,2024-05-30,12:24:01
413,USER_3041,Tablet,Social,2024-11-09,03:52:00
414,USER_5920,Mobile,Organic,2024-01-28,20:59:02
415,USER_9308,Mobile,Organic,2024-12-19,04:15:49
416,USER_6067,Mobile,Paid Search,2024-09-21,02:17:09
417,USER_7691,Desktop,Paid Search,2024-03-13,20:38:00
418,USER_6344,Desktop,Paid Search,2024-08-25,00:50:06
419,USER_7592,Mobile,Paid Search,2024-11-26,17:47:52
420,USER_5844,Mobile,Paid Search,2024-08-19,10:54:45
421,USER_3085,Mobile,Organic,2024-02-16,02:12:08
422,USER_4143,Mobile,Paid Search,2024-09-13,15:48:36
423,USER_7888,Desktop,Direct,2024-02-27,14:52:10
424,USER_7211,Mobile,Paid Search,2024-04-02,09:21:30
425,USER_3851,Desktop,Paid Search,2024-10-26,04:15:03
426,USER_5930,Mobile,Social,2024-12-22,17:44:17
427,USER_7653,Mobile,Direct,2024-10-06,20:34:07
428,USER_9977,Tablet,Organic,2024-03-10,00:52:02
429,USER_1006,Desktop,Social,2024-07-20,03:34:18
430,USER_5978,Desktop,Social,2024-07-30,03:32:56
431,USER_5700,Desktop,Social,2024-06-14,13:09:00
432,USER_4443,Mobile,Organic,2024-08-18,07:01:14
433,USER_8043,Mobile,Social,2024-01-13,13:24:09
434,USER_6279,Desktop,Organic,2024-04-01,11:41:18
435,USER_8618,Desktop,Social,2024-08-20,07:58:56
436,USER_8238,Mobile,Social,2024-10-29,21:24:43
437,USER_8244,Desktop,Organic,2024-12-30,22:52:57
438,USER_4501,Mobile,Email,2024-04-13,03:31:10
439,USER_9375,Mobile,Organic,2024-08-20,03:14:06
440,USER_8752,Desktop,Email,2024-02-16,09:22:04
441,USER_3780,Desktop,Paid Search,2024-05-08,19:21:07
442,USER_2389,Tablet,Organic,2024-06-14,11:59:59
443,USER_5649,Desktop,Organic,2024-12-20,02:57:02
444,USER_9445,Desktop,Direct,2024-11-28,19:09:11
445,USER_6491,Mobile,Organic,2024-12-30,13:33:21
446,USER_2530,Tablet,Organic,2024-03-24,19:11:43
447,USER_4848,Tablet,Paid Search,2024-03-04,13:09:57
448,USER_6085,Mobile,Social,2024-02-16,21:43:19
449,USER_4680,Desktop,Paid Search,2024-02-28,19:52:18
450,USER_4262,Desktop,Organic,2024-12-27,11:56:06
451,USER_3414,Mobile,Organic,2024-08-18,08:58:31
452,USER_1400,Mobile,Organic,2024-11-20,21:23:59
453,USER_1757,Mobile,Organic,2024-07-04,08:51:58
454,USER_5011,Tablet,Paid Search,2024-02-13,22:51:04
455,USER_8784,Desktop,Social,2024-09-25,00:55:59
456,USER_2193,Mobile,Organic,2024-12-28,04:49:41
457,USER_8461,Desktop,Paid Search,2024-07-15,04:20:09
458,USER_7790,Mobile,Paid Search,2024-09-18,12:28:46
459,USER_4185,Desktop,Direct,2024-11-09,15:52:04
460,USER_7291,Desktop,Direct,2024-03-22,03:36:27
461,USER_9099,Desktop,Email,2024-07-12,23:17:09
462,USER_7547,Mobile,Organic,2024-10-08,02:20:08
463,USER_4997,Mobile,Organic,2024-07-13,05:49:24
464,USER_3417,Mobile,Paid Search,2024-01-23,11:20:31
465,USER_1090,Tablet,Organic,2024-03-28,13:30:44
466,USER_2746,Desktop,Paid Search,2024-06-20,13:38:50
467,USER_7965,Desktop,Email,2024-10-16,20:21:08
468,USER_4585,Tablet,Email,2024-12-03,20:58:15
469,USER_3881,Desktop,Email,2024-03-17,12:26:35
470,USER_9486,Tablet,Paid Search,2024-03-24,15:34:34
471,USER_8611,Desktop,Social,2024-03-15,15:34:34
472,USER_1822,Tablet,Paid Search,2024-04-01,07:24:05
473,USER_5082,Desktop,Organic,2024-12-30,18:45:26
474,USER_2988,Tablet,Social,2024-01-27,16:36:49
475,USER_8478,Mobile,Organic,2024-08-02,22:51:47
476,USER_3184,Tablet,Paid Search,2024-06-06,07:44:05
477,USER_8612,Desktop,Paid Search,2024-06-07,07:23:00
478,USER_9702,Mobile,Social,2024-08-16,06:54:01
479,USER_6198,Tablet,Email,2024-05-27,11:35:30
480,USER_8251,Mobile,Paid Search,2024-11-16,04:58:07
481,USER_9270,Mobile,Email,2024-04-02,01:58:22
482,USER_7991,Mobile,Organic,2024-03-01,11:54:54
483,USER_9976,Mobile,Paid Search,2024-03-08,04:18:29
484,USER_8305,Mobile,Social,2024-04-13,04:53:54
485,USER_3607,Mobile,Social,2024-01-02,17:59:58
486,USER_8777,Tablet,Direct,2024-11-14,13:15:13
487,USER_8373,Desktop,Organic,2024-05-09,07:03:47
488,USER_5246,Desktop,Social,2024-01-07,04:07:44
489,USER_5050,Tablet,Social,2024-08-22,22:09:24
490,USER_5543,Tablet,Direct,2024-09-11,23:01:44
491,USER_9540,Mobile,Organic,2024-09-12,13:23:03
492,USER_8939,Mobile,Email,2024-10-05,22:06:42
493,USER_4919,Desktop,Social,2024-01-03,18:04:30
494,USER_5499,Desktop,Organic,2024-11-07,19:55:10
495,USER_8206,Mobile,Paid Search,2024-09-09,00:09:23
496,USER_2269,Desktop,Paid Search,2024-05-01,04:05:15
497,USER_5681,Mobile,Social,2024-04-21,02:00:36
498,USER_4841,Desktop,Email,2024-10-28,13:09:48
499,USER_5451,Tablet,Social,2024-12-03,05:30:47
500,USER_6502,Tablet,Social,2024-08-31,04:47:33
501,USER_6238,Mobile,Paid Search,2024-08-20,22:19:30
502,USER_9849,Mobile,Organic,2024-07-28,13:46:21
503,USER_2320,Desktop,Organic,2024-08-14,14:50:41
504,USER_3267,Mobile,Paid Search,2024-02-10,22:00:18
505,USER_3471,Mobile,Paid Search,2024-11-03,03:09:03
506,USER_4788,Desktop,Organic,2024-11-03,20:02:38
507,USER_7275,Tablet,Paid Search,2024-01-04,05:32:10
508,USER_3503,Mobile,Paid Search,2024-05-05,00:25:53
509,USER_4505,Tablet,Organic,2024-10-07,13:43:56
510,USER_2052,Mobile,Paid Search,2024-05-22,14:35:45
511,USER_7797,Mobile,Organic,2024-11-13,08:58:36
512,USER_7678,Mobile,Direct,2024-11-17,16:19:45
513,USER_6421,Tablet,Email,2024-10-12,07:27:59
514,USER_9890,Tablet,Social,2024-04-16,05:17:05
515,USER_8633,Desktop,Organic,2024-01-26,16:24:08
516,USER_7812,Desktop,Email,2024-04-04,23:13:25
517,USER_2020,Desktop,Email,2024-03-16,19:03:14
518,USER_4388,Mobile,Email,2024-01-29,12:11:52
519,USER_7883,Tablet,Organic,2024-11-30,23:35:38
520,USER_7381,Desktop,Social,2024-06-27,02:52:44
521,USER_1320,Mobile,Email,2024-01-19,14:30:20
522,USER_7232,Desktop,Social,2024-03-15,20:41:25
523,USER_8814,Tablet,Social,2024-01-17,12:10:03
524,USER_1096,Mobile,Paid Search,2024-12-07,11:41:27
525,USER_6763,Mobile,Paid Search,2024-10-22,06:17:06
526,USER_5892,Mobile,Organic,2024-11-04,03:04:23
527,USER_7389,Mobile,Social,2024-06-01,19:49:54
528,USER_7865,Desktop,Organic,2024-06-18,10:01:15
529,USER_9818,Desktop,Paid Search,2024-02-14,09:10:34
530,USER_9947,Tablet,Organic,2024-01-26,03:04:13
531,USER_4613,Mobile,Paid Search,2024-02-25,19:00:48
532,USER_8999,Tablet,Organic,2024-08-01,09:12:35
533,USER_4595,Tablet,Social,2024-04-01,06:40:59
534,USER_5471,Mobile,Email,2024-03-23,01:15:17
535,USER_8140,Mobile,Organic,2024-12-10,02:36:36
536,USER_8956,Tablet,Organic,2024-05-25,01:36:50
537,USER_1475,Mobile,Organic,2024-11-08,15:02:03
538,USER_7371,Desktop,Email,2024-12-04,10:05:19
539,USER_6507,Mobile,Paid Search,2024-12-20,00:22:48
540,USER_7624,Desktop,Paid Search,2024-12-24,09:25:32
541,USER_3704,Tablet,Organic,2024-10-31,06:20:48
542,USER_8657,Mobile,Social,2024-10-20,12:46:22
543,USER_3091,Desktop,Email,2024-10-14,04:44:43
544,USER_9751,Mobile,Email,2024-03-31,03:21:26
545,USER_1441,Mobile,Social,2024-08-21,23:32:06
546,USER_7455,Desktop,Organic,2024-10-23,16:51:49
547,USER_1444,Desktop,Organic,2024-07-03,04:01:37
548,USER_2375,Mobile,Organic,2024-01-19,12:30:37
549,USER_8022,Mobile,Organic,2024-02-17,01:18:10
550,USER_3223,Mobile,Organic,2024-06-02,04:43:29
551,USER_8564,Mobile,Organic,2024-06-14,02:56:40
552,USER_3977,Tablet,Paid Search,2024-07-07,02:45:14
553,USER_1823,Mobile,Direct,2024-07-13,06:51:43
554,USER_5262,Mobile,Social,2024-02-04,20:09:49
555,USER_7211,Tablet,Email,2024-08-06,22:10:32
556,USER_6363,Mobile,Social,2024-10-08,16:46:38
557,USER_4467,Desktop,Organic,2024-02-03,20:33:59
558,USER_8449,Desktop,Social,2024-05-29,10:28:50
559,USER_6355,Mobile,Organic,2024-08-29,04:21:18
560,USER_6529,Mobile,Social,2024-03-09,11:39:54
561,USER_7211,Mobile,Paid Search,2024-03-03,13:02:57
562,USER_5558,Desktop,Direct,2024-12-21,22:49:43
563,USER_7906,Desktop,Organic,2024-05-20,12:15:13
564,USER_5133,Desktop,Organic,2024-06-17,19:38:04
565,USER_2341,Desktop,Direct,2024-09-26,04:36:40
566,USER_8705,Mobile,Organic,2024-07-30,15:06:51
567,USER_1317,Desktop,Social,2024-09-25,00:09:49
568,USER_9837,Mobile,Social,2024-04-17,09:35:55
569,USER_1853,Tablet,Email,2024-12-22,02:31:06
570,USER_6733,Desktop,Direct,2024-04-17,14:20:10
571,USER_4673,Mobile,Direct,2024-11-09,09:10:04
572,USER_2124,Mobile,Organic,2024-01-30,08:36:23
573,USER_1659,Desktop,Email,2024-02-25,11:05:04
574,USER_1508,Mobile,Social,2024-10-19,05:45:49
575,USER_5051,Tablet,Social,2024-11-18,14:16:30
576,USER_4266,Tablet,Organic,2024-09-27,08:48:56
577,USER_1333,Desktop,Social,2024-02-14,14:41:59
578,USER_3496,Tablet,Direct,2024-09-04,04:07:36
579,USER_4908,Mobile,Direct,2024-12-18,15:02:23
580,USER_3068,Desktop,Paid Search,2024-11-05,09:25:26
581,USER_8758,Mobile,Organic,2024-12-27,19:58:43
582,USER_2874,Tablet,Paid Search,2024-05-27,04:28:23
583,USER_4571,Mobile,Email,2024-08-06,16:54:39
584,USER_8619,Desktop,Social,2024-11-07,10:23:05
585,USER_5198,Mobile,Paid Search,2024-06-11,21:26:32
586,USER_7043,Desktop,Organic,2024-05-12,14:16:56
587,USER_3749,Desktop,Paid Search,2024-09-26,21:02:39
588,USER_2876,Desktop,Paid Search,2024-10-21,20:03:47
589,USER_3683,Desktop,Direct,2024-11-15,07:44:52
590,USER_6096,Desktop,Social,2024-06-30,17:00:09
591,USER_2771,Desktop,Paid Search,2024-03-07,03:18:24
592,USER_1420,Mobile,Paid Search,2024-11-10,05:36:25
593,USER_6111,Desktop,Organic,2024-10-15,02:14:24
594,USER_7149,Desktop,Direct,2024-09-11,14:42:05
595,USER_7498,Tablet,Paid Search,2024-09-23,11:29:29
596,USER_4249,Mobile,Paid Search,2024-11-19,20:34:57
597,USER_2245,Mobile,Paid Search,2024-09-11,14:06:05
598,USER_4978,Desktop,Social,2024-09-09,05:46:06
599,USER_2669,Desktop,Social,2024-04-02,12:49:27
600,USER_5941,Desktop,Social,2024-11-08,06:25:21
601,USER_2983,Desktop,Organic,2024-04-29,02:20:21
602,USER_1672,Desktop,Paid Search,2024-12-28,19:31:13
603,USER_6688,Desktop,Organic,2024-05-28,22:47:30
604,USER_9728,Desktop,Social,2024-04-09,03:17:29
605,USER_8018,Desktop,Organic,2024-01-01,01:34:09
606,USER_7071,Mobile,Social,2024-03-01,15:09:40
607,USER_2129,Desktop,Email,2024-01-13,06:20:36
608,USER_9289,Desktop,Email,2024-08-26,01:38:49
609,USER_6590,Mobile,Paid Search,2024-11-16,12:03:59
610,USER_1207,Mobile,Paid Search,2024-03-01,11:50:27
611,USER_7882,Desktop,Organic,2024-04-16,15:13:03
612,USER_9031,Mobile,Social,2024-11-11,06:55:01
613,USER_2729,Mobile,Email,2024-07-31,21:27:17
614,USER_8102,Desktop,Organic,2024-07-30,08:40:11
615,USER_6934,Tablet,Paid Search,2024-01-24,02:09:04
616,USER_8532,Tablet,Email,2024-06-19,08:25:05
617,USER_3506,Desktop,Email,2024-06-28,09:55:45
618,USER_8135,Desktop,Organic,2024-10-13,14:55:26
619,USER_3885,Mobile,Social,2024-11-22,16:13:42
620,USER_9548,Mobile,Organic,2024-04-18,08:11:53
621,USER_5425,Desktop,Organic,2024-01-06,01:05:57
622,USER_9817,Desktop,Direct,2024-11-23,13:21:48
623,USER_8921,Desktop,Email,2024-04-13,09:10:12
624,USER_8616,Mobile,Email,2024-12-19,11:26:30
625,USER_8136,Mobile,Organic,2024-05-24,15:34:44
626,USER_5397,Desktop,Email,2024-05-10,05:44:27
627,USER_6280,Mobile,Paid Search,2024-02-04,11:58:44
628,USER_5022,Mobile,Paid Search,2024-06-06,18:24:52
629,USER_2419,Desktop,Paid Search,2024-06-02,00:35:50
630,USER_5569,Desktop,Organic,2024-09-16,19:12:04
631,USER_8385,Mobile,Email,2024-10-08,23:42:37
632,USER_4995,Tablet,Social,2024-06-14,19:09:20
633,USER_8613,Mobile,Organic,2024-01-04,21:52:46
634,USER_7209,Mobile,Organic,2024-02-28,23:52:47
635,USER_6511,Desktop,Organic,2024-12-17,23:20:00
636,USER_1470,Mobile,Organic,2024-06-19,04:57:29
637,USER_9098,Mobile,Social,2024-06-23,04:31:55
638,USER_6325,Desktop,Email,2024-07-21,10:07:50
639,USER_3979,Desktop,Organic,2024-10-18,21:26:16
640,USER_8988,Desktop,Organic,2024-11-11,16:46:00
641,USER_4475,Desktop,Social,2024-01-15,14:53:54
642,USER_6813,Desktop,Email,2024-03-30,04:40:28
643,USER_5232,Desktop,Paid Search,2024-04-09,20:37:06
644,USER_6576,Desktop,Paid Search,2024-06-18,01:13:47
645,USER_5581,Desktop,Social,2024-06-22,06:26:44
646,USER_5526,Tablet,Organic,2024-12-10,17:49:10
647,USER_1166,Mobile,Organic,2024-09-02,19:24:13
648,USER_9464,Mobile,Social,2024-08-30,11:13:12
649,USER_4130,Mobile,Social,2024-01-19,21:36:00
650,USER_2402,Mobile,Social,2024-11-26,11:52:23
651,USER_4954,Desktop,Social,2024-03-10,00:19:57
652,USER_7658,Mobile,Social,2024-09-03,09:32:52
653,USER_9004,Mobile,Organic,2024-03-20,03:44:31
654,USER_4937,Mobile,Paid Search,2024-11-17,20:29:26
655,USER_8800,Mobile,Organic,2024-08-23,13:22:22
656,USER_9041,Desktop,Organic,2024-10-01,17:27:33
657,USER_8342,Desktop,Social,2024-06-20,10:07:59
658,USER_1282,Desktop,Email,2024-08-24,05:29:27
659,USER_2524,Mobile,Direct,2024-07-30,11:11:35
660,USER_5820,Mobile,Social,2024-01-29,19:10:34
661,USER_4630,Desktop,Organic,2024-09-23,13:24:18
662,USER_7625,Tablet,Organic,2024-06-02,21:44:43
663,USER_4986,Mobile,Email,2024-10-16,13:40:18
664,USER_6016,Desktop,Social,2024-12-13,22:39:59
665,USER_7046,Desktop,Social,2024-06-10,03:05:51
666,USER_8753,Desktop,Email,2024-10-11,03:05:41
667,USER_9698,Desktop,Social,2024-10-01,00:39:59
668,USER_6632,Desktop,Email,2024-01-10,13:06:31
669,USER_7971,Desktop,Organic,2024-04-16,23:48:39
670,USER_6419,Desktop,Social,2024-10-22,17:06:40
671,USER_6764,Desktop,Email,2024-12-16,14:32:37
672,USER_8434,Tablet,Organic,2024-06-18,01:42:18
673,USER_5438,Desktop,Social,2024-06-30,13:13:14
674,USER_6023,Mobile,Paid Search,2024-02-03,14:35:24
675,USER_5118,Mobile,Direct,2024-03-17,03:12:54
676,USER_4777,Tablet,Organic,2024-05-23,15:07:22
677,USER_2976,Desktop,Social,2024-01-16,14:26:58
678,USER_4155,Desktop,Organic,2024-06-22,20:45:50
679,USER_6169,Tablet,Social,2024-07-11,23:25:00
680,USER_2958,Tablet,Organic,2024-11-16,11:50:14
681,USER_9779,Mobile,Organic,2024-09-30,16:18:17
682,USER_4033,Desktop,Paid Search,2024-03-25,21:16:19
683,USER_4138,Desktop,Direct,2024-10-19,13:43:15
684,USER_4545,Mobile,Organic,2024-11-06,00:57:58
685,USER_8933,Tablet,Organic,2024-07-18,13:02:00
686,USER_5530,Mobile,Email,2024-04-05,00:09:50
687,USER_9595,Mobile,Paid Search,2024-10-31,11:53:52
688,USER_5636,Desktop,Direct,2024-02-29,16:52:47
689,USER_2647,Mobile,Organic,2024-06-06,19:20:21
690,USER_4180,Desktop,Social,2024-12-27,05:36:27
691,USER_5853,Desktop,Organic,2024-06-10,07:35:25
692,USER_4727,Mobile,Organic,2024-12-29,06:39:41
693,USER_6912,Mobile,Social,2024-01-17,12:53:03
694,USER_3939,Desktop,Social,2024-05-19,18:27:08
695,USER_5952,Desktop,Email,2024-07-30,20:24:46
696,USER_1231,Mobile,Paid Search,2024-02-14,05:25:57
697,USER_9751,Desktop,Paid Search,2024-09-11,10:33:10
698,USER_3073,Mobile,Paid Search,2024-05-01,13:14:06
699,USER_5494,Desktop,Direct,2024-07-09,22:51:08
700,USER_1745,Mobile,Organic,2024-08-19,16:07:40
701,USER_1893,Mobile,Organic,2024-06-03,18:50:25
702,USER_5786,Desktop,Paid Search,2024-04-20,20:58:16
703,USER_3068,Desktop,Social,2024-09-25,17:10:20
704,USER_9042,Desktop,Organic,2024-06-03,06:05:05
705,USER_2680,Desktop,Direct,2024-03-30,00:27:00
706,USER_1200,Tablet,Organic,2024-02-27,20:49:37
707,USER_5658,Desktop,Email,2024-07-10,04:01:39
708,USER_8690,Mobile,Organic,2024-01-20,22:34:58
709,USER_8843,Desktop,Social,2024-04-13,02:36:24
710,USER_8216,Mobile,Direct,2024-02-17,00:47:46
711,USER_6582,Mobile,Organic,2024-08-15,04:29:40
712,USER_4020,Mobile,Direct,2024-09-16,20:49:22
713,USER_1841,Mobile,Paid Search,2024-01-13,05:15:41
714,USER_5136,Mobile,Direct,2024-09-04,07:19:12
715,USER_8827,Desktop,Social,2024-09-13,17:53:15
716,USER_2869,Tablet,Paid Search,2024-03-19,23:49:51
717,USER_2070,Mobile,Organic,2024-04-07,12:49:16
718,USER_7565,Tablet,Paid Search,2024-06-23,21:03:17
719,USER_9056,Desktop,Organic,2024-09-04,02:59:09
720,USER_2213,Mobile,Organic,2024-09-25,20:01:40
721,USER_1878,Tablet,Organic,2024-06-07,18:55:06
722,USER_3485,Desktop,Paid Search,2024-06-16,03:29:59
723,USER_3444,Desktop,Email,2024-03-14,19:07:06
724,USER_5978,Mobile,Organic,2024-02-20,04:18:16
725,USER_2395,Mobile,Organic,2024-09-21,05:05:04
726,USER_5066,Mobile,Social,2024-12-12,15:54:23
727,USER_2940,Desktop,Organic,2024-03-08,06:25:06
728,USER_7818,Mobile,Organic,2024-04-15,15:50:01
729,USER_4697,Desktop,Organic,2024-01-19,13:04:31
730,USER_9561,Desktop,Direct,2024-08-23,20:04:13
731,USER_7232,Desktop,Email,2024-07-17,21:26:24
732,USER_8381,Mobile,Paid Search,2024-12-31,10:40:58
733,USER_8253,Mobile,Social,2024-09-24,14:51:10
734,USER_5871,Mobile,Paid Search,2024-02-29,05:19:00
735,USER_8025,Desktop,Social,2024-01-03,05:42:36
736,USER_6003,Tablet,Social,2024-06-08,20:38:54
737,USER_1986,Desktop,Social,2024-01-23,01:07:21
738,USER_2625,Mobile,Organic,2024-12-17,11:30:39
739,USER_4404,Mobile,Organic,2024-10-31,19:34:00
740,USER_4457,Desktop,Paid Search,2024-02-14,05:33:47
741,USER_5335,Mobile,Email,2024-06-19,08:59:07
742,USER_2330,Desktop,Social,2024-08-27,06:38:01
743,USER_3573,Mobile,Email,2024-01-24,17:01:33
744,USER_4929,Mobile,Direct,2024-02-22,16:48:09
745,USER_3847,Desktop,Organic,2024-09-23,06:55:23
746,USER_2229,Tablet,Social,2024-12-03,03:57:13
747,USER_3564,Desktop,Social,2024-06-08,00:20:08
748,USER_1043,Mobile,Direct,2024-01-12,07:05:46
749,USER_7693,Tablet,Direct,2024-10-22,22:08:17
750,USER_8381,Mobile,Social,2024-06-08,08:30:12
751,USER_8699,Desktop,Organic,2024-11-23,02:22:45
752,USER_5771,Tablet,Email,2024-04-17,17:41:18
753,USER_1534,Mobile,Organic,2024-06-13,14:47:51
754,USER_4792,Desktop,Email,2024-04-12,15:27:32
755,USER_5720,Desktop,Direct,2024-04-08,12:59:12
756,USER_5632,Mobile,Paid Search,2024-05-26,08:11:12
757,USER_8438,Mobile,Social,2024-05-21,21:54:56
758,USER_2166,Mobile,Paid Search,2024-09-29,22:17:25
759,USER_4824,Tablet,Paid Search,2024-06-12,03:37:50
760,USER_5334,Mobile,Paid Search,2024-08-13,18:19:10
761,USER_4241,Desktop,Email,2024-12-09,06:46:31
762,USER_7965,Desktop,Direct,2024-03-01,13:56:28
763,USER_2880,Desktop,Direct,2024-05-19,13:38:47
764,USER_9922,Mobile,Organic,2024-03-17,08:52:20
765,USER_4683,Desktop,Email,2024-03-21,19:06:38
766,USER_3441,Mobile,Social,2024-05-20,12:27:12
767,USER_5352,Mobile,Organic,2024-02-28,18:22:23
768,USER_3330,Tablet,Organic,2024-01-08,20:52:04
769,USER_2169,Desktop,Organic,2024-11-14,14:10:56
770,USER_1977,Mobile,Direct,2024-10-13,01:32:16
771,USER_3718,Desktop,Social,2024-09-20,18:26:18
772,USER_6039,Mobile,Social,2024-02-22,19:52:56
773,USER_5728,Desktop,Organic,2024-04-15,20:33:22
774,USER_8195,Desktop,Social,2024-10-04,12:01:07
775,USER_3037,Mobile,Organic,2024-06-28,05:51:20
776,USER_8679,Desktop,Paid Search,2024-10-08,13:50:11
777,USER_5982,Desktop,Social,2024-06-12,11:15:04
778,USER_7594,Mobile,Organic,2024-05-18,06:42:23
779,USER_5460,Mobile,Email,2024-03-13,11:09:49
780,USER_9199,Mobile,Organic,2024-12-26,10:07:00
781,USER_9847,Mobile,Social,2024-05-25,10:44:00
782,USER_9090,Mobile,Paid Search,2024-10-20,22:21:13
783,USER_8172,Desktop,Social,2024-05-05,14:36:50
784,USER_2317,Desktop,Organic,2024-03-28,10:57:14
785,USER_1653,Desktop,Organic,2024-02-06,17:04:24
786,USER_8078,Tablet,Direct,2024-06-08,09:38:13
787,USER_6280,Mobile,Organic,2024-11-09,16:13:06
788,USER_5102,Mobile,Email,2024-06-22,17:17:45
789,USER_1423,Mobile,Direct,2024-10-03,19:56:51
790,USER_2496,Tablet,Organic,2024-08-15,21:04:36
791,USER_4750,Desktop,Organic,2024-01-26,20:26:43
792,USER_1339,Mobile,Social,2024-03-07,13:20:52
793,USER_5415,Mobile,Direct,2024-01-15,10:12:12
794,USER_1659,Mobile,Direct,2024-08-29,01:51:31
795,USER_3870,Desktop,Paid Search,2024-12-11,15:02:17
796,USER_8708,Tablet,Email,2024-01-26,13:07:07
797,USER_9502,Tablet,Organic,2024-02-24,14:10:38
798,USER_8245,Mobile,Direct,2024-07-15,10:37:24
799,USER_5557,Mobile,Direct,2024-01-28,07:36:01
800,USER_3973,Tablet,Organic,2024-02-14,09:01:41
801,USER_8141,Mobile,Organic,2024-08-06,18:00:58
802,USER_9056,Desktop,Organic,2024-07-19,14:18:08
803,USER_2494,Mobile,Organic,2024-04-01,12:02:57
804,USER_8700,Mobile,Email,2024-12-26,17:58:33
805,USER_6700,Mobile,Paid Search,2024-11-01,01:21:41
806,USER_7690,Mobile,Organic,2024-10-30,00:04:30
807,USER_6460,Tablet,Paid Search,2024-11-18,03:53:51
808,USER_6260,Tablet,Direct,2024-12-19,13:46:19
809,USER_2713,Mobile,Social,2024-12-24,08:20:48
810,USER_3634,Desktop,Paid Search,2024-08-16,11:25:05
811,USER_6403,Tablet,Organic,2024-11-11,17:49:20
812,USER_7744,Mobile,Direct,2024-07-01,15:39:03
813,USER_9117,Desktop,Email,2024-06-08,12:19:44
814,USER_5722,Tablet,Organic,2024-06-19,14:31:54
815,USER_7561,Tablet,Organic,2024-04-11,20:58:07
816,USER_1601,Mobile,Organic,2024-12-31,11:39:06
817,USER_8451,Mobile,Organic,2024-12-09,00:14:03
818,USER_2442,Desktop,Social,2024-09-30,00:08:06
819,USER_6153,Desktop,Direct,2024-02-10,10:55:44
820,USER_5135,Desktop,Paid Search,2024-08-26,23:27:14
821,USER_6296,Mobile,Email,2024-10-17,05:05:12
822,USER_2899,Desktop,Paid Search,2024-03-08,23:57:51
823,USER_7622,Desktop,Social,2024-02-17,11:52:57
824,USER_9431,Desktop,Social,2024-12-23,17:00:59
825,USER_1018,Mobile,Organic,2024-08-27,22:55:03
826,USER_9889,Tablet,Paid Search,2024-02-19,08:56:50
827,USER_8569,Desktop,Social,2024-08-21,01:07:03
828,USER_7770,Desktop,Organic,2024-06-07,09:04:16
829,USER_1888,Mobile,Paid Search,2024-12-16,10:44:39
830,USER_4073,Mobile,Paid Search,2024-11-25,12:17:44
831,USER_9494,Desktop,Direct,2024-12-29,05:59:08
832,USER_6927,Mobile,Paid Search,2024-08-26,18:29:07
833,USER_9167,Desktop,Email,2024-08-28,04:20:55
834,USER_8242,Desktop,Paid Search,2024-04-28,04:48:37
835,USER_1845,Mobile,Email,2024-04-24,13:40:28
836,USER_4335,Mobile,Social,2024-03-14,21:07:33
837,USER_5375,Tablet,Email,2024-11-11,16:15:36
838,USER_9998,Desktop,Paid Search,2024-05-12,15:42:31
839,USER_3146,Mobile,Social,2024-07-05,08:20:49
840,USER_5719,Mobile,Social,2024-07-19,23:30:14
841,USER_8178,Desktop,Paid Search,2024-04-03,02:16:49
842,USER_8941,Mobile,Organic,2024-12-24,09:45:05
843,USER_2989,Desktop,Organic,2024-12-06,11:35:53
844,USER_1472,Tablet,Organic,2024-06-18,07:42:41
845,USER_4920,Desktop,Email,2024-06-15,23:54:13
846,USER_3594,Mobile,Organic,2024-08-20,22:04:04
847,USER_6091,Desktop,Organic,2024-09-06,15:03:13
848,USER_1224,Tablet,Social,2024-01-16,00:42:13
849,USER_7684,Mobile,Paid Search,2024-02-03,14:52:24
850,USER_2527,Mobile,Paid Search,2024-08-31,06:31:06
851,USER_4681,Desktop,Organic,2024-02-27,10:13:52
852,USER_2858,Mobile,Direct,2024-06-28,18:48:33
853,USER_8560,Desktop,Email,2024-09-02,16:54:20
854,USER_2924,Tablet,Email,2024-08-24,09:45:29
855,USER_3522,Desktop,Paid Search,2024-03-28,20:09:54
856,USER_9165,Desktop,Email,2024-05-24,16:06:58
857,USER_5781,Desktop,Organic,2024-06-27,04:14:58
858,USER_9337,Mobile,Organic,2024-11-05,11:24:28
859,USER_5479,Mobile,Organic,2024-10-21,19:32:12
860,USER_7807,Desktop,Social,2024-03-06,12:12:04
861,USER_8905,Mobile,Paid Search,2024-09-17,08:27:10
862,USER_8736,Mobile,Paid Search,2024-02-22,21:19:55
863,USER_4993,Mobile,Organic,2024-07-26,18:41:06
864,USER_8483,Mobile,Paid Search,2024-12-31,04:29:56
865,USER_3369,Mobile,Social,2024-02-24,03:47:07
866,USER_7284,Mobile,Paid Search,2024-06-15,07:01:57
867,USER_4122,Desktop,Social,2024-10-11,14:11:17
868,USER_9327,Desktop,Organic,2024-11-28,00:30:42
869,USER_3236,Tablet,Email,2024-02-06,16:28:22
870,USER_2143,Tablet,Social,2024-06-03,08:07:59
871,USER_5526,Desktop,Organic,2024-09-29,17:05:22
872,USER_7798,Desktop,Organic,2024-08-24,13:13:09
873,USER_6568,Mobile,Social,2024-07-24,12:32:27
874,USER_9318,Mobile,Email,2024-10-29,16:21:03
875,USER_5377,Desktop,Paid Search,2024-07-30,14:17:23
876,USER_1042,Desktop,Organic,2024-05-02,03:03:41
877,USER_5634,Mobile,Email,2024-11-13,12:46:59
878,USER_5891,Mobile,Social,2024-05-04,13:12:18
879,USER_9022,Desktop,Paid Search,2024-10-07,06:25:11
880,USER_3434,Desktop,Paid Search,2024-03-22,19:17:33
881,USER_8316,Desktop,Organic,2024-09-03,19:31:33
882,USER_9824,Mobile,Social,2024-07-15,13:06:43
883,USER_8935,Desktop,Paid Search,2024-02-03,01:41:15
884,USER_6654,Desktop,Direct,2024-06-23,03:14:07
885,USER_6446,Mobile,Paid Search,2024-04-16,01:57:02
886,USER_9903,Desktop,Paid Search,2024-12-21,18:17:15
887,USER_7180,Mobile,Social,2024-10-29,02:34:06
888,USER_8460,Desktop,Direct,2024-08-08,08:14:56
889,USER_6272,Desktop,Email,2024-08-10,19:44:45
890,USER_4090,Desktop,Paid Search,2024-10-17,12:25:25
891,USER_4912,Mobile,Social,2024-06-24,03:14:46
892,USER_7274,Tablet,Social,2024-10-05,22:17:31
893,USER_4826,Mobile,Paid Search,2024-12-21,06:10:50
894,USER_7730,Desktop,Organic,2024-04-30,06:22:40
895,USER_1715,Mobile,Paid Search,2024-03-29,09:45:38
896,USER_6213,Desktop,Organic,2024-12-05,09:46:00
897,USER_8749,Desktop,Direct,2024-12-08,03:11:32
898,USER_7246,Tablet,Paid Search,2024-02-09,22:39:30
899,USER_7325,Desktop,Direct,2024-12-30,23:19:54
900,USER_3492,Desktop,Paid Search,2024-10-20,22:15:10
901,USER_9115,Desktop,Social,2024-09-06,10:43:04
902,USER_1606,Desktop,Paid Search,2024-02-28,05:11:21
903,USER_3068,Desktop,Organic,2024-10-30,14:09:00
904,USER_9229,Mobile,Paid Search,2024-11-01,21:30:27
905,USER_6439,Mobile,Organic,2024-08-25,10:01:11
906,USER_2644,Tablet,Social,2024-06-15,08:56:04
907,USER_8213,Mobile,Paid Search,2024-10-11,05:43:48
908,USER_2633,Desktop,Email,2024-02-19,00:38:22
909,USER_9617,Desktop,Organic,2024-08-15,15:37:00
910,USER_8486,Desktop,Organic,2024-03-31,15:55:15
911,USER_1251,Mobile,Paid Search,2024-06-06,15:07:02
912,USER_3361,Desktop,Direct,2024-07-26,00:36:43
913,USER_7717,Mobile,Social,2024-02-05,09:53:14
914,USER_3529,Mobile,Paid Search,2024-11-02,16:32:10
915,USER_2225,Mobile,Paid Search,2024-02-25,04:49:06
916,USER_8692,Mobile,Organic,2024-12-16,03:19:51
917,USER_5342,Desktop,Direct,2024-11-01,23:21:28
918,USER_6546,Tablet,Social,2024-07-13,15:47:22
919,USER_7512,Mobile,Organic,2024-06-16,17:16:42
920,USER_2315,Desktop,Social,2024-09-10,15:16:23
921,USER_6383,Tablet,Organic,2024-11-26,14:00:52
922,USER_9742,Mobile,Direct,2024-12-04,11:19:45
923,USER_7226,Tablet,Organic,2024-02-01,10:57:33
924,USER_6188,Mobile,Social,2024-02-16,21:54:55
925,USER_8994,Mobile,Organic,2024-04-21,19:30:07
926,USER_9864,Desktop,Social,2024-03-12,08:43:33
927,USER_1588,Desktop,Email,2024-10-24,23:40:01
928,USER_2121,Mobile,Social,2024-11-21,04:26:54
929,USER_4846,Mobile,Social,2024-01-01,07:42:09
930,USER_5708,Desktop,Email,2024-03-16,11:31:01
931,USER_4727,Desktop,Organic,2024-12-04,07:36:47
932,USER_2480,Mobile,Paid Search,2024-03-17,22:27:23
933,USER_8110,Tablet,Organic,2024-08-19,06:47:05
934,USER_2612,Mobile,Direct,2024-09-29,06:58:24
935,USER_2646,Desktop,Paid Search,2024-05-29,20:06:17
936,USER_8269,Desktop,Social,2024-07-18,20:43:34
937,USER_3725,Desktop,Social,2024-11-11,14:56:33
938,USER_5906,Tablet,Organic,2024-10-22,05:16:58
939,USER_1474,Desktop,Organic,2024-08-16,21:22:56
940,USER_1753,Mobile,Organic,2024-04-10,10:25:37
941,USER_6314,Desktop,Paid Search,2024-04-15,13:17:19
942,USER_1919,Mobile,Organic,2024-12-14,06:02:37
943,USER_5806,Mobile,Organic,2024-06-11,16:44:21
944,USER_6873,Mobile,Email,2024-06-02,19:07:27
945,USER_7141,Desktop,Direct,2024-10-18,14:36:50
946,USER_8056,Desktop,Paid Search,2024-12-13,11:18:07
947,USER_3385,Desktop,Paid Search,2024-06-04,00:31:59
948,USER_5000,Tablet,Organic,2024-08-10,21:09:29
949,USER_9702,Tablet,Social,2024-06-25,21:09:33
950,USER_7751,Mobile,Email,2024-02-15,09:39:35
951,USER_3950,Mobile,Organic,2024-10-25,21:10:19
952,USER_3785,Mobile,Organic,2024-01-05,15:18:04
953,USER_3868,Desktop,Email,2024-11-09,09:00:29
954,USER_2293,Tablet,Social,2024-09-18,01:13:18
955,USER_7267,Mobile,Organic,2024-07-25,18:07:03
956,USER_4945,Desktop,Social,2024-03-06,15:19:00
957,USER_9153,Mobile,Paid Search,2024-05-30,13:22:42
958,USER_3344,Desktop,Paid Search,2024-02-01,00:03:16
959,USER_4804,Desktop,Email,2024-07-08,04:22:56
960,USER_8555,Mobile,Email,2024-10-08,09:50:54
961,USER_5161,Desktop,Paid Search,2024-01-28,16:42:49
962,USER_8529,Mobile,Direct,2024-01-01,17:09:05
963,USER_5183,Desktop,Paid Search,2024-12-26,22:17:09
964,USER_1153,Desktop,Email,2024-10-13,23:12:27
965,USER_8622,Desktop,Paid Search,2024-07-02,18:58:05
966,USER_5712,Desktop,Email,2024-02-26,09:14:02
967,USER_9955,Mobile,Direct,2024-05-24,15:59:22
968,USER_3588,Desktop,Organic,2024-01-16,07:51:43
969,USER_2210,Mobile,Direct,2024-04-30,20:24:27
970,USER_8237,Mobile,Email,2024-08-09,12:57:06
971,USER_6661,Mobile,Email,2024-12-25,08:58:19
972,USER_5901,Tablet,Organic,2024-10-29,19:19:11
973,USER_7951,Mobile,Email,2024-07-20,18:27:43
974,USER_5097,Desktop,Email,2024-11-16,10:51:37
975,USER_8484,Desktop,Organic,2024-06-11,04:43:49
976,USER_5949,Desktop,Direct,2024-12-30,06:16:08
977,USER_4263,Mobile,Organic,2024-07-14,13:35:12
978,USER_7302,Desktop,Organic,2024-07-26,09:19:05
979,USER_8916,Mobile,Paid Search,2024-07-14,09:36:59
980,USER_2747,Mobile,Social,2024-08-10,20:29:34
981,USER_4886,Desktop,Social,2024-10-06,05:24:50
982,USER_7248,Mobile,Organic,2024-04-18,13:06:08
983,USER_6881,Desktop,Direct,2024-12-05,16:28:44
984,USER_5847,Desktop,Organic,2024-03-29,10:32:59
985,USER_5837,Mobile,Organic,2024-08-31,21:45:22
986,USER_1359,Mobile,Organic,2024-03-12,14:22:27
987,USER_7484,Mobile,Social,2024-04-06,14:26:26
988,USER_5497,Mobile,Direct,2024-10-11,14:01:58
989,USER_1132,Desktop,Social,2024-07-15,17:01:49
990,USER_1803,Mobile,Email,2024-07-03,13:05:48
991,USER_9138,Mobile,Organic,2024-08-01,04:39:58
992,USER_5689,Mobile,Paid Search,2024-03-19,09:50:15
993,USER_4770,Desktop,Paid Search,2024-05-27,18:32:23
994,USER_6772,Mobile,Paid Search,2024-12-09,04:39:34
995,USER_4588,Desktop,Organic,2024-03-05,18:56:18
996,USER_4115,Desktop,Social,2024-03-09,01:48:54
997,USER_5106,Tablet,Paid Search,2024-01-06,12:08:25
998,USER_3240,Desktop,Email,2024-02-06,21:00:29
999,USER_2591,Tablet,Paid Search,2024-11-27,16:29:53
1000,USER_1645,Mobile,Organic,2024-01-09,01:05:03
1001,USER_6061,Desktop,Social,2024-03-14,08:53:41
1002,USER_8222,Mobile,Organic,2024-09-06,03:21:38
1003,USER_1546,Tablet,Email,2024-12-02,03:52:18
1004,USER_6977,Mobile,Social,2024-08-11,18:30:44
1005,USER_3153,Mobile,Organic,2024-03-10,10:55:03
1006,USER_2476,Mobile,Direct,2024-02-13,03:47:37
1007,USER_5835,Mobile,Paid Search,2024-03-11,21:32:47
1008,USER_6352,Mobile,Organic,2024-11-24,22:03:44
1009,USER_7807,Desktop,Social,2024-07-31,06:33:09
1010,USER_3877,Mobile,Organic,2024-08-21,17:47:31
1011,USER_4289,Desktop,Email,2024-12-22,04:14:57
1012,USER_3165,Tablet,Email,2024-11-05,21:40:54
1013,USER_9837,Tablet,Direct,2024-08-05,04:19:40
1014,USER_6994,Desktop,Paid Search,2024-11-15,09:46:59
1015,USER_9697,Mobile,Paid Search,2024-04-02,00:51:31
1016,USER_9221,Tablet,Email,2024-08-20,19:44:12
1017,USER_5465,Desktop,Organic,2024-09-17,03:04:00
1018,USER_3695,Mobile,Paid Search,2024-08-05,04:38:56
1019,USER_5210,Tablet,Paid Search,2024-10-09,03:33:06
1020,USER_8894,Desktop,Organic,2024-08-18,07:13:06
1021,USER_5835,Mobile,Paid Search,2024-07-15,15:01:53
1022,USER_6549,Desktop,Email,2024-06-30,16:28:25
1023,USER_2886,Tablet,Email,2024-04-25,01:59:07
1024,USER_8673,Tablet,Organic,2024-04-05,09:25:30
1025,USER_2233,Tablet,Organic,2024-08-05,05:52:15
1026,USER_3306,Mobile,Organic,2024-11-05,17:16:52
1027,USER_4696,Tablet,Email,2024-01-04,19:43:28
1028,USER_7511,Mobile,Organic,2024-10-22,21:39:07
1029,USER_6992,Desktop,Social,2024-09-12,13:09:40
1030,USER_2479,Mobile,Organic,2024-05-01,00:11:09
1031,USER_7464,Desktop,Social,2024-12-30,23:42:15
1032,USER_1228,Mobile,Paid Search,2024-09-13,05:32:47
1033,USER_5332,Desktop,Email,2024-05-17,22:34:12
1034,USER_9791,Desktop,Organic,2024-07-29,15:30:18
1035,USER_3024,Desktop,Social,2024-10-06,09:42:06
1036,USER_8451,Mobile,Organic,2024-10-22,18:31:23
1037,USER_7038,Desktop,Social,2024-07-06,21:17:25
1038,USER_5295,Mobile,Email,2024-01-18,12:44:51
1039,USER_7242,Desktop,Organic,2024-01-20,03:29:26
1040,USER_7086,Desktop,Email,2024-10-17,13:09:01
1041,USER_2775,Mobile,Social,2024-09-04,09:29:07
1042,USER_4830,Mobile,Organic,2024-12-26,18:24:00
1043,USER_8724,Desktop,Paid Search,2024-07-07,18:19:02
1044,USER_1410,Mobile,Organic,2024-02-27,20:41:57
1045,USER_6374,Tablet,Social,2024-10-24,21:39:28
1046,USER_4626,Mobile,Email,2024-09-03,01:58:58
1047,USER_2035,Desktop,Organic,2024-12-19,11:08:29
1048,USER_8606,Desktop,Paid Search,2024-02-10,23:29:17
1049,USER_5951,Tablet,Email,2024-03-13,00:10:22
1050,USER_7689,Desktop,Direct,2024-09-26,16:54:55
1051,USER_2911,Tablet,Paid Search,2024-05-23,16:13:22
1052,USER_3290,Mobile,Direct,2024-08-26,22:33:24
1053,USER_1742,Tablet,Paid Search,2024-09-21,16:04:11
1054,USER_1609,Mobile,Paid Search,2024-02-10,20:09:22
1055,USER_5986,Tablet,Email,2024-09-24,20:46:36
1056,USER_9071,Desktop,Paid Search,2024-11-08,10:29:45
1057,USER_2902,Mobile,Paid Search,2024-02-15,04:17:50
1058,USER_2592,Mobile,Paid Search,2024-05-05,21:19:59
1059,USER_4846,Mobile,Email,2024-08-29,12:04:58
1060,USER_9807,Mobile,Email,2024-11-18,20:30:24
1061,USER_3222,Tablet,Paid Search,2024-12-05,15:38:42
1062,USER_7367,Tablet,Paid Search,2024-12-08,05:36:45
1063,USER_8432,Mobile,Paid Search,2024-02-09,16:49:42
1064,USER_7078,Mobile,Social,2024-12-16,16:16:08
1065,USER_9850,Mobile,Organic,2024-11-20,22:20:37
1066,USER_7866,Mobile,Email,2024-10-03,18:22:37
1067,USER_3531,Desktop,Paid Search,2024-10-23,19:53:25
1068,USER_7797,Desktop,Paid Search,2024-06-08,02:02:01
1069,USER_2622,Desktop,Organic,2024-11-09,23:10:14
1070,USER_9017,Desktop,Organic,2024-01-28,03:42:06
1071,USER_7686,Desktop,Direct,2024-06-24,15:59:43
1072,USER_5583,Desktop,Paid Search,2024-09-30,15:20:48
1073,USER_1536,Desktop,Organic,2024-01-06,07:49:51
1074,USER_7070,Desktop,Paid Search,2024-08-28,23:50:15
1075,USER_4559,Tablet,Paid Search,2024-08-20,03:57:56
1076,USER_8264,Mobile,Organic,2024-09-19,05:46:57
1077,USER_8285,Desktop,Paid Search,2024-08-28,12:48:26
1078,USER_4868,Mobile,Paid Search,2024-10-20,02:03:39
1079,USER_6942,Desktop,Social,2024-06-18,08:07:02
1080,USER_2627,Tablet,Paid Search,2024-08-03,23:04:28
1081,USER_7018,Mobile,Paid Search,2024-06-29,11:38:40
1082,USER_9920,Desktop,Direct,2024-05-30,00:59:11
1083,USER_6876,Mobile,Paid Search,2024-05-28,10:06:44
1084,USER_1992,Tablet,Organic,2024-03-26,14:24:08
1085,USER_7523,Tablet,Organic,2024-01-19,20:36:35
1086,USER_5520,Mobile,Paid Search,2024-12-21,06:12:16
1087,USER_4109,Mobile,Email,2024-11-01,15:28:43
1088,USER_3001,Desktop,Organic,2024-06-04,09:14:12
1089,USER_8450,Tablet,Social,2024-10-15,23:10:27
1090,USER_2501,Desktop,Organic,2024-05-13,16:51:50
1091,USER_4475,Tablet,Paid Search,2024-02-01,06:05:37
1092,USER_1349,Mobile,Email,2024-11-18,00:40:42
1093,USER_1828,Mobile,Paid Search,2024-08-30,03:13:02
1094,USER_6464,Mobile,Social,2024-10-23,04:57:00
1095,USER_4990,Desktop,Organic,2024-03-27,11:49:26
1096,USER_3063,Desktop,Social,2024-10-20,18:34:55
1097,USER_4362,Desktop,Organic,2024-01-27,02:21:11
1098,USER_2124,Desktop,Email,2024-12-02,21:46:58
1099,USER_4394,Mobile,Organic,2024-05-29,23:41:33
1100,USER_4538,Desktop,Email,2024-11-15,15:12:53
1101,USER_4817,Desktop,Paid Search,2024-01-14,06:36:52
1102,USER_6383,Tablet,Social,2024-05-26,15:32:22
1103,USER_3417,Tablet,Paid Search,2024-09-05,11:39:57
1104,USER_1046,Tablet,Direct,2024-02-12,17:54:08
1105,USER_5542,Tablet,Organic,2024-03-05,02:28:27
1106,USER_3370,Desktop,Organic,2024-09-15,20:24:55
1107,USER_3129,Desktop,Paid Search,2024-02-09,02:36:05
1108,USER_9850,Mobile,Organic,2024-05-22,04:50:33
1109,USER_5106,Mobile,Organic,2024-05-09,09:06:07
1110,USER_3858,Desktop,Direct,2024-03-08,15:14:03
1111,USER_2801,Mobile,Direct,2024-11-11,19:34:21
1112,USER_1422,Desktop,Paid Search,2024-05-23,00:14:52
1113,USER_3159,Desktop,Direct,2024-05-20,09:59:53
1114,USER_1243,Mobile,Paid Search,2024-05-11,08:24:45
1115,USER_6869,Mobile,Organic,2024-01-08,11:04:55
1116,USER_4898,Mobile,Social,2024-02-27,05:18:04
1117,USER_6304,Desktop,Social,2024-11-05,17:36:15
1118,USER_1258,Tablet,Direct,2024-03-30,16:59:39
1119,USER_3854,Desktop,Organic,2024-10-29,16:19:25
1120,USER_5347,Desktop,Social,2024-03-18,19:03:34
1121,USER_1858,Tablet,Organic,2024-12-03,22:57:07
1122,USER_3076,Tablet,Organic,2024-08-16,18:30:59
1123,USER_7897,Tablet,Organic,2024-07-08,08:41:01
1124,USER_9619,Mobile,Direct,2024-03-30,01:21:26
1125,USER_2862,Mobile,Email,2024-05-13,08:12:21
1126,USER_2041,Mobile,Email,2024-12-24,01:08:13
1127,USER_8802,Desktop,Paid Search,2024-04-30,17:52:46
1128,USER_8344,Mobile,Paid Search,2024-09-05,10:59:48
1129,USER_6931,Desktop,Organic,2024-04-02,21:58:56
1130,USER_9408,Desktop,Organic,2024-09-27,01:15:31
1131,USER_2786,Mobile,Paid Search,2024-01-17,02:51:36
1132,USER_8405,Mobile,Email,2024-06-24,19:44:53
1133,USER_9254,Desktop,Paid Search,2024-02-13,01:22:04
1134,USER_4629,Desktop,Organic,2024-03-15,13:38:47
1135,USER_1710,Mobile,Organic,2024-10-31,19:59:05
1136,USER_9543,Desktop,Organic,2024-03-19,17:30:08
1137,USER_5941,Tablet,Paid Search,2024-09-10,08:46:02
1138,USER_8504,Mobile,Direct,2024-07-30,03:02:31
1139,USER_1510,Mobile,Social,2024-07-15,16:14:41
1140,USER_1996,Mobile,Email,2024-05-01,11:27:30
1141,USER_8847,Mobile,Paid Search,2024-12-04,09:50:54
1142,USER_7580,Desktop,Paid Search,2024-08-13,07:01:59
1143,USER_7984,Mobile,Organic,2024-11-22,01:01:49
1144,USER_2768,Mobile,Email,2024-03-26,06:34:38
1145,USER_9032,Desktop,Email,2024-04-17,12:43:43
1146,USER_8267,Tablet,Organic,2024-10-22,23:01:35
1147,USER_2204,Mobile,Paid Search,2024-06-25,15:03:24
1148,USER_2323,Mobile,Paid Search,2024-01-28,12:44:08
1149,USER_6277,Tablet,Social,2024-11-24,13:44:27
1150,USER_3430,Tablet,Direct,2024-05-15,17:08:07
1151,USER_2076,Mobile,Social,2024-02-29,14:07:57
1152,USER_3067,Mobile,Paid Search,2024-01-27,19:57:23
1153,USER_5505,Mobile,Organic,2024-03-26,11:12:21
1154,USER_9984,Mobile,Organic,2024-08-25,13:58:03
1155,USER_6327,Mobile,Organic,2024-07-23,07:14:05
1156,USER_7240,Mobile,Organic,2024-08-31,18:00:14
1157,USER_9692,Desktop,Social,2024-06-03,13:47:48
1158,USER_5831,Tablet,Social,2024-08-31,17:36:02
1159,USER_8433,Tablet,Organic,2024-09-29,00:55:46
1160,USER_9282,Desktop,Email,2024-04-29,07:52:03
1161,USER_8048,Mobile,Organic,2024-07-13,02:03:08
1162,USER_2624,Desktop,Paid Search,2024-12-15,14:11:18
1163,USER_2874,Desktop,Organic,2024-12-27,01:20:22
1164,USER_4522,Mobile,Paid Search,2024-07-18,19:41:56
1165,USER_8046,Desktop,Organic,2024-08-30,07:18:08
1166,USER_8398,Mobile,Paid Search,2024-05-14,19:25:30
1167,USER_4743,Mobile,Paid Search,2024-03-15,21:07:42
1168,USER_7779,Mobile,Direct,2024-09-28,02:04:16
1169,USER_6553,Desktop,Organic,2024-08-10,17:13:31
1170,USER_8430,Desktop,Organic,2024-01-07,22:47:52
1171,USER_7532,Mobile,Organic,2024-05-27,11:57:58
1172,USER_7815,Tablet,Social,2024-08-17,07:28:45
1173,USER_2557,Mobile,Organic,2024-07-14,09:23:49
1174,USER_6120,Desktop,Email,2024-12-13,17:18:55
1175,USER_7992,Mobile,Paid Search,2024-06-10,20:15:33
1176,USER_6120,Mobile,Paid Search,2024-09-28,08:20:44
1177,USER_5176,Mobile,Social,2024-12-15,17:32:06
1178,USER_7132,Desktop,Organic,2024-01-22,01:22:57
1179,USER_3500,Mobile,Organic,2024-02-19,13:45:39
1180,USER_8770,Mobile,Paid Search,2024-09-29,15:17:05
1181,USER_2099,Tablet,Social,2024-11-22,06:58:08
1182,USER_2494,Desktop,Organic,2024-06-30,16:14:19
1183,USER_2398,Mobile,Organic,2024-08-09,23:35:13
1184,USER_2527,Tablet,Direct,2024-11-08,03:23:46
1185,USER_8075,Desktop,Organic,2024-11-29,04:02:15
1186,USER_2582,Tablet,Email,2024-05-19,22:28:41
1187,USER_7105,Mobile,Email,2024-06-20,14:07:01
1188,USER_3131,Desktop,Organic,2024-05-18,15:53:02
1189,USER_1982,Desktop,Organic,2024-05-16,08:17:37
1190,USER_6400,Mobile,Organic,2024-02-20,12:19:52
1191,USER_3002,Desktop,Social,2024-05-10,02:03:17
1192,USER_7730,Mobile,Social,2024-12-01,19:24:31
1193,USER_6793,Desktop,Email,2024-10-26,00:55:24
1194,USER_7929,Mobile,Direct,2024-07-19,12:28:02
1195,USER_1842,Desktop,Social,2024-08-24,07:13:24
1196,USER_5712,Tablet,Organic,2024-12-11,05:42:27
1197,USER_6119,Tablet,Organic,2024-05-03,17:03:42
1198,USER_6761,Tablet,Email,2024-12-10,09:02:34
1199,USER_2697,Mobile,Organic,2024-10-28,11:59:01
1200,USER_9313,Desktop,Organic,2024-04-09,19:48:57
1201,USER_4485,Mobile,Social,2024-09-23,10:59:53
1202,USER_3535,Desktop,Paid Search,2024-06-21,08:51:48
1203,USER_8900,Desktop,Direct,2024-12-12,18:13:48
1204,USER_4674,Desktop,Social,2024-12-19,00:21:46
1205,USER_2773,Mobile,Organic,2024-04-02,19:27:55
1206,USER_6736,Mobile,Direct,2024-06-09,13:50:46
1207,USER_7022,Mobile,Organic,2024-10-07,23:48:03
1208,USER_2882,Mobile,Paid Search,2024-01-06,03:35:24
1209,USER_5564,Desktop,Paid Search,2024-12-10,23:59:43
1210,USER_4705,Tablet,Organic,2024-01-05,09:54:34
1211,USER_8030,Mobile,Paid Search,2024-02-04,14:27:36
1212,USER_1430,Mobile,Organic,2024-01-07,23:36:49
1213,USER_5381,Desktop,Paid Search,2024-07-29,16:16:10
1214,USER_1474,Mobile,Paid Search,2024-02-20,12:29:47
1215,USER_3955,Mobile,Email,2024-09-25,07:08:58
1216,USER_5477,Desktop,Email,2024-02-23,00:17:51
1217,USER_6062,Desktop,Organic,2024-12-16,21:17:05
1218,USER_6567,Mobile,Paid Search,2024-08-16,07:49:34
1219,USER_6751,Mobile,Paid Search,2024-06-28,09:21:36
1220,USER_1100,Desktop,Organic,2024-04-22,12:02:39
1221,USER_3972,Tablet,Email,2024-05-25,08:23:17
1222,USER_3347,Desktop,Social,2024-05-08,21:16:50
1223,USER_7566,Mobile,Organic,2024-04-08,20:51:49
1224,USER_2140,Tablet,Paid Search,2024-01-18,19:00:07
1225,USER_3324,Mobile,Organic,2024-01-13,09:36:42
1226,USER_1502,Mobile,Social,2024-11-13,10:53:16
1227,USER_2503,Desktop,Organic,2024-02-17,05:28:29
1228,USER_9691,Desktop,Direct,2024-01-30,00:28:00
1229,USER_4524,Tablet,Email,2024-10-31,14:02:22
1230,USER_7163,Mobile,Paid Search,2024-12-02,15:40:54
1231,USER_7878,Tablet,Social,2024-04-21,17:13:26
1232,USER_8432,Desktop,Direct,2024-11-02,01:37:05
1233,USER_6585,Desktop,Social,2024-11-22,08:57:39
1234,USER_3578,Desktop,Organic,2024-03-03,17:20:04
1235,USER_7062,Mobile,Paid Search,2024-12-28,14:11:16
1236,USER_6105,Desktop,Email,2024-03-02,08:16:55
1237,USER_6314,Tablet,Social,2024-02-14,15:08:14
1238,USER_2391,Mobile,Social,2024-11-05,20:11:09
1239,USER_1861,Tablet,Email,2024-03-07,19:41:03
1240,USER_3549,Desktop,Email,2024-07-11,07:07:41
1241,USER_3579,Tablet,Direct,2024-12-02,01:11:43
1242,USER_1815,Mobile,Organic,2024-11-27,16:55:28
1243,USER_2336,Mobile,Paid Search,2024-10-16,18:20:02
1244,USER_5458,Mobile,Social,2024-04-04,17:45:14
1245,USER_8259,Mobile,Email,2024-02-26,01:45:16
1246,USER_7947,Mobile,Social,2024-12-22,08:01:43
1247,USER_8957,Desktop,Organic,2024-04-04,11:34:45
1248,USER_8242,Desktop,Email,2024-05-09,01:38:15
1249,USER_7785,Tablet,Social,2024-05-30,11:06:04
1250,USER_5475,Mobile,Organic,2024-08-27,16:28:07
1251,USER_4531,Mobile,Paid Search,2024-12-04,16:04:15
1252,USER_9394,Mobile,Organic,2024-02-08,06:20:36
1253,USER_2864,Desktop,Paid Search,2024-11-23,11:53:52
1254,USER_6655,Desktop,Organic,2024-08-20,21:26:04
1255,USER_8043,Mobile,Paid Search,2024-05-21,20:27:56
1256,USER_2816,Mobile,Paid Search,2024-08-06,09:09:01
1257,USER_5640,Desktop,Social,2024-12-20,10:38:50
1258,USER_8972,Mobile,Social,2024-12-07,11:21:26
1259,USER_9633,Desktop,Email,2024-06-14,20:23:30
1260,USER_6053,Mobile,Organic,2024-05-11,09:39:01
1261,USER_1744,Desktop,Organic,2024-03-23,05:23:02
1262,USER_4612,Mobile,Email,2024-02-07,09:59:09
1263,USER_7475,Desktop,Organic,2024-05-21,18:01:06
1264,USER_1897,Mobile,Direct,2024-02-01,19:13:51
1265,USER_1125,Desktop,Email,2024-07-14,10:32:45
1266,USER_4349,Desktop,Paid Search,2024-07-17,23:32:50
1267,USER_5938,Desktop,Direct,2024-06-19,18:45:22
1268,USER_4460,Mobile,Organic,2024-01-31,06:24:53
1269,USER_3248,Mobile,Paid Search,2024-05-12,18:02:42
1270,USER_5186,Desktop,Social,2024-05-15,23:09:24
1271,USER_5742,Mobile,Paid Search,2024-04-01,20:05:04
1272,USER_6375,Tablet,Direct,2024-08-13,07:36:32
1273,USER_2965,Mobile,Organic,2024-02-05,18:40:35
1274,USER_1126,Desktop,Paid Search,2024-09-08,23:26:34
1275,USER_9149,Mobile,Social,2024-04-12,23:07:54
1276,USER_8055,Desktop,Social,2024-11-08,16:51:03
1277,USER_3878,Desktop,Organic,2024-07-20,19:30:42
1278,USER_3116,Tablet,Paid Search,2024-04-01,16:33:28
1279,USER_7229,Desktop,Email,2024-11-26,10:17:12
1280,USER_9725,Mobile,Organic,2024-09-08,18:18:58
1281,USER_4770,Mobile,Email,2024-02-25,07:21:15
1282,USER_9196,Mobile,Social,2024-03-14,11:14:29
1283,USER_6802,Mobile,Email,2024-10-03,10:47:07
1284,USER_2180,Desktop,Social,2024-08-08,22:15:28
1285,USER_7505,Desktop,Organic,2024-04-21,23:56:26
1286,USER_1693,Mobile,Social,2024-11-10,11:05:22
1287,USER_8147,Desktop,Email,2024-11-25,17:32:04
1288,USER_1307,Desktop,Paid Search,2024-02-24,11:41:30
1289,USER_8532,Desktop,Direct,2024-08-14,19:14:28
1290,USER_2275,Desktop,Paid Search,2024-05-12,13:14:36
1291,USER_6129,Desktop,Organic,2024-02-22,04:59:34
1292,USER_8033,Desktop,Paid Search,2024-01-18,07:49:58
1293,USER_7626,Mobile,Direct,2024-02-07,13:43:37
1294,USER_7843,Mobile,Paid Search,2024-02-06,21:08:38
1295,USER_5743,Mobile,Email,2024-10-19,08:50:18
1296,USER_2887,Desktop,Email,2024-05-08,10:20:07
1297,USER_7636,Desktop,Paid Search,2024-08-16,02:26:26
1298,USER_1341,Desktop,Organic,2024-01-10,16:09:36
1299,USER_6321,Mobile,Social,2024-09-11,15:40:56
1300,USER_3815,Mobile,Paid Search,2024-03-17,06:57:11
1301,USER_8538,Desktop,Email,2024-11-30,14:00:10
1302,USER_6928,Tablet,Paid Search,2024-11-23,03:26:16
1303,USER_2443,Desktop,Paid Search,2024-01-01,17:45:59
1304,USER_8155,Mobile,Email,2024-01-20,15:47:06
1305,USER_2734,Mobile,Paid Search,2024-12-06,04:55:02
1306,USER_4986,Tablet,Paid Search,2024-07-18,13:01:44
1307,USER_8138,Mobile,Paid Search,2024-05-16,05:04:08
1308,USER_7560,Mobile,Paid Search,2024-03-18,16:55:33
1309,USER_9584,Desktop,Paid Search,2024-12-24,12:57:27
1310,USER_2288,Mobile,Email,2024-06-17,11:08:25
1311,USER_7484,Desktop,Paid Search,2024-07-19,22:35:15
1312,USER_6083,Tablet,Paid Search,2024-10-21,22:18:07
1313,USER_6562,Mobile,Social,2024-01-02,10:57:52
1314,USER_4630,Mobile,Organic,2024-09-20,10:37:38
1315,USER_6456,Mobile,Organic,2024-12-28,19:06:46
1316,USER_3754,Mobile,Direct,2024-09-08,01:04:47
1317,USER_2251,Mobile,Social,2024-09-01,11:28:58
1318,USER_9363,Mobile,Social,2024-08-11,13:40:28
1319,USER_2868,Desktop,Social,2024-07-25,23:53:27
1320,USER_9693,Desktop,Organic,2024-02-05,09:48:30
1321,USER_9355,Desktop,Social,2024-10-03,22:08:46
1322,USER_4176,Desktop,Paid Search,2024-04-25,05:46:49
1323,USER_6724,Tablet,Paid Search,2024-01-02,18:58:52
1324,USER_6752,Desktop,Paid Search,2024-07-15,16:05:09
1325,USER_3419,Tablet,Organic,2024-12-18,00:37:37
1326,USER_4871,Desktop,Organic,2024-09-03,11:43:41
1327,USER_2684,Desktop,Direct,2024-03-03,14:24:20
1328,USER_3399,Mobile,Paid Search,2024-10-17,14:11:32
1329,USER_5193,Mobile,Paid Search,2024-10-01,23:37:17
1330,USER_4232,Mobile,Organic,2024-07-02,03:14:19
1331,USER_3842,Mobile,Organic,2024-06-19,15:21:03
1332,USER_3504,Mobile,Social,2024-12-15,18:33:57
1333,USER_2234,Desktop,Paid Search,2024-06-04,16:37:32
1334,USER_3902,Tablet,Paid Search,2024-07-24,13:18:20
1335,USER_9095,Tablet,Organic,2024-01-29,12:20:48
1336,USER_8601,Mobile,Social,2024-11-19,05:09:02
1337,USER_8354,Desktop,Organic,2024-11-27,23:56:46
1338,USER_6295,Mobile,Organic,2024-02-16,06:27:33
1339,USER_6179,Desktop,Paid Search,2024-07-06,08:36:56
1340,USER_3473,Desktop,Organic,2024-09-30,19:20:06
1341,USER_8205,Desktop,Organic,2024-06-23,11:18:10
1342,USER_2118,Mobile,Social,2024-02-11,03:18:17
1343,USER_8682,Tablet,Social,2024-08-23,15:28:14
1344,USER_8245,Mobile,Email,2024-05-28,05:18:58
1345,USER_5961,Mobile,Paid Search,2024-11-27,08:38:48
1346,USER_5500,Mobile,Organic,2024-04-13,03:59:14
1347,USER_1920,Desktop,Organic,2024-03-31,21:17:09
1348,USER_6766,Desktop,Direct,2024-10-10,03:13:35
1349,USER_9312,Tablet,Social,2024-01-21,16:48:10
1350,USER_2215,Desktop,Social,2024-07-15,00:38:57
1351,USER_6085,Tablet,Organic,2024-12-04,01:57:34
1352,USER_8565,Mobile,Paid Search,2024-04-07,17:51:12
1353,USER_8404,Mobile,Organic,2024-06-02,00:31:53
1354,USER_1616,Mobile,Social,2024-12-22,00:23:13
1355,USER_1932,Mobile,Direct,2024-07-18,09:36:27
1356,USER_7041,Tablet,Direct,2024-02-24,23:28:33
1357,USER_5703,Tablet,Paid Search,2024-11-18,04:53:29
1358,USER_2257,Mobile,Paid Search,2024-12-18,09:58:07
1359,USER_2479,Desktop,Direct,2024-07-02,22:45:58
1360,USER_9307,Mobile,Social,2024-09-06,03:28:56
1361,USER_7299,Tablet,Organic,2024-02-13,13:31:16
1362,USER_8581,Desktop,Paid Search,2024-11-19,02:55:08
1363,USER_1672,Mobile,Organic,2024-08-12,08:46:42
1364,USER_8368,Mobile,Paid Search,2024-04-07,03:22:51
1365,USER_4084,Mobile,Paid Search,2024-03-12,02:47:50
1366,USER_6267,Desktop,Social,2024-01-19,07:46:04
1367,USER_8792,Mobile,Paid Search,2024-04-08,10:10:32
1368,USER_9214,Tablet,Organic,2024-01-13,10:17:29
1369,USER_3471,Desktop,Paid Search,2024-10-30,20:47:32
1370,USER_2013,Desktop,Email,2024-05-02,21:49:04
1371,USER_8381,Tablet,Social,2024-09-07,22:44:20
1372,USER_2695,Desktop,Paid Search,2024-07-18,01:27:06
1373,USER_6626,Tablet,Direct,2024-02-02,22:50:33
1374,USER_2381,Mobile,Direct,2024-10-03,10:12:53
1375,USER_9266,Desktop,Organic,2024-11-25,17:42:53
1376,USER_3827,Tablet,Organic,2024-06-06,20:02:40
1377,USER_1641,Mobile,Social,2024-09-12,20:00:15
1378,USER_5059,Mobile,Email,2024-09-30,04:37:24
1379,USER_8172,Desktop,Direct,2024-08-18,07:43:12
1380,USER_8199,Mobile,Email,2024-01-09,08:30:09
1381,USER_9586,Desktop,Social,2024-01-19,15:52:11
1382,USER_9564,Desktop,Paid Search,2024-06-22,23:31:18
1383,USER_3600,Tablet,Organic,2024-01-29,04:12:40
1384,USER_6962,Desktop,Organic,2024-06-21,02:33:54
1385,USER_7108,Mobile,Paid Search,2024-01-22,23:47:13
1386,USER_5634,Desktop,Social,2024-07-26,00:27:04
1387,USER_7347,Mobile,Social,2024-03-01,15:35:39
1388,USER_7697,Desktop,Social,2024-04-18,06:45:11
1389,USER_6543,Tablet,Organic,2024-11-30,01:26:44
1390,USER_1857,Mobile,Social,2024-12-07,08:39:24
1391,USER_6482,Desktop,Organic,2024-09-24,20:37:15
1392,USER_2079,Desktop,Paid Search,2024-08-22,20:22:30
1393,USER_6401,Desktop,Email,2024-12-13,16:42:11
1394,USER_2548,Mobile,Social,2024-10-01,09:53:14
1395,USER_7333,Desktop,Direct,2024-03-17,09:42:31
1396,USER_5655,Mobile,Organic,2024-10-23,15:50:40
1397,USER_5128,Mobile,Paid Search,2024-04-29,12:38:22
1398,USER_3463,Desktop,Paid Search,2024-02-06,17:30:18
1399,USER_6461,Mobile,Paid Search,2024-01-19,03:14:07
1400,USER_2335,Mobile,Email,2024-03-13,09:26:28
1401,USER_3317,Desktop,Social,2024-09-07,10:15:42
1402,USER_6731,Desktop,Email,2024-11-30,13:07:11
1403,USER_6082,Desktop,Organic,2024-01-10,14:20:42
1404,USER_7421,Mobile,Email,2024-08-29,03:22:44
1405,USER_3112,Mobile,Organic,2024-11-12,12:45:08
1406,USER_2388,Mobile,Email,2024-01-24,15:53:51
1407,USER_6072,Mobile,Paid Search,2024-05-04,15:38:26
1408,USER_7171,Mobile,Paid Search,2024-12-25,21:15:01
1409,USER_6381,Mobile,Paid Search,2024-11-28,09:17:32
1410,USER_3093,Tablet,Direct,2024-03-07,06:56:54
1411,USER_9624,Desktop,Organic,2024-01-08,13:03:35
1412,USER_2531,Desktop,Paid Search,2024-03-29,10:16:43
1413,USER_7937,Desktop,Email,2024-11-19,10:26:25
1414,USER_9331,Desktop,Paid Search,2024-01-26,14:27:25
1415,USER_6928,Mobile,Organic,2024-06-06,08:58:03
1416,USER_1298,Tablet,Paid Search,2024-02-19,08:31:46
1417,USER_6940,Desktop,Paid Search,2024-08-21,07:21:40
1418,USER_6060,Desktop,Direct,2024-11-08,01:19:28
1419,USER_3953,Mobile,Email,2024-03-28,13:14:36
1420,USER_4509,Tablet,Paid Search,2024-10-29,05:34:13
1421,USER_6598,Desktop,Direct,2024-02-02,20:07:39
1422,USER_8967,Mobile,Paid Search,2024-02-24,19:21:08
1423,USER_4145,Desktop,Organic,2024-02-28,19:34:01
1424,USER_4711,Desktop,Organic,2024-09-11,23:01:51
1425,USER_3253,Tablet,Paid Search,2024-10-31,12:05:49
1426,USER_3538,Tablet,Organic,2024-11-11,22:21:58
1427,USER_2264,Desktop,Direct,2024-04-22,11:49:49
1428,USER_5846,Tablet,Email,2024-02-02,17:04:41
1429,USER_2657,Mobile,Organic,2024-04-13,01:33:13
1430,USER_9317,Tablet,Social,2024-08-06,11:34:12
1431,USER_9843,Mobile,Social,2024-06-21,05:53:34
1432,USER_9626,Mobile,Direct,2024-12-13,12:55:45
1433,USER_1618,Mobile,Email,2024-07-24,07:18:51
1434,USER_6517,Mobile,Paid Search,2024-06-15,05:58:23
1435,USER_3147,Desktop,Email,2024-03-02,10:26:13
1436,USER_7172,Desktop,Social,2024-12-16,17:46:15
1437,USER_3527,Desktop,Social,2024-10-21,00:02:54
1438,USER_3658,Mobile,Organic,2024-10-06,00:48:33
1439,USER_3962,Desktop,Organic,2024-03-11,03:32:25
1440,USER_3712,Mobile,Paid Search,2024-06-13,15:02:10
1441,USER_8170,Tablet,Organic,2024-04-19,09:19:01
1442,USER_1715,Desktop,Organic,2024-01-24,07:40:49
1443,USER_7731,Mobile,Social,2024-10-30,22:15:02
1444,USER_6968,Mobile,Organic,2024-03-29,08:47:07
1445,USER_4891,Tablet,Social,2024-06-20,12:41:25
1446,USER_8277,Desktop,Paid Search,2024-02-02,04:52:47
1447,USER_5668,Mobile,Direct,2024-03-02,08:55:05
1448,USER_8355,Mobile,Paid Search,2024-05-20,02:04:32
1449,USER_4833,Tablet,Organic,2024-03-13,23:45:48
1450,USER_9749,Mobile,Social,2024-07-31,23:26:01
1451,USER_4918,Mobile,Email,2024-03-27,00:47:53
1452,USER_6070,Mobile,Direct,2024-12-22,17:38:58
1453,USER_8684,Tablet,Paid Search,2024-07-08,04:06:47
1454,USER_4178,Mobile,Paid Search,2024-10-10,18:50:25
1455,USER_7026,Desktop,Direct,2024-03-25,06:53:38
1456,USER_8218,Tablet,Organic,2024-08-12,09:50:20
1457,USER_8564,Mobile,Social,2024-05-04,13:32:47
1458,USER_5616,Mobile,Paid Search,2024-10-24,00:19:17
1459,USER_7256,Desktop,Organic,2024-01-21,14:12:06
1460,USER_9239,Mobile,Paid Search,2024-03-09,08:41:36
1461,USER_9641,Desktop,Organic,2024-02-21,15:24:18
1462,USER_7859,Mobile,Social,2024-11-19,13:05:14
1463,USER_3655,Desktop,Direct,2024-11-09,13:35:17
1464,USER_4271,Mobile,Organic,2024-07-11,15:18:58
1465,USER_3267,Tablet,Email,2024-03-21,22:34:32
1466,USER_5096,Desktop,Organic,2024-01-09,07:24:01
1467,USER_1854,Tablet,Paid Search,2024-09-06,15:46:25
1468,USER_8873,Mobile,Organic,2024-02-11,11:48:34
1469,USER_7081,Tablet,Direct,2024-01-04,22:06:28
1470,USER_2680,Mobile,Email,2024-01-04,07:36:01
1471,USER_9452,Mobile,Social,2024-04-01,12:49:14
1472,USER_3042,Mobile,Email,2024-02-15,14:23:30
1473,USER_5670,Tablet,Social,2024-12-27,18:06:41
1474,USER_2374,Mobile,Direct,2024-11-29,09:21:09
1475,USER_3626,Desktop,Social,2024-10-30,20:05:06
1476,USER_5469,Mobile,Direct,2024-05-25,17:10:13
1477,USER_8361,Mobile,Paid Search,2024-08-01,15:37:15
1478,USER_9410,Mobile,Organic,2024-12-21,02:09:25
1479,USER_3414,Mobile,Paid Search,2024-08-31,19:53:30
1480,USER_8167,Mobile,Organic,2024-12-20,16:46:53
1481,USER_2502,Mobile,Social,2024-03-05,18:48:14
1482,USER_4637,Desktop,Paid Search,2024-04-15,01:49:31
1483,USER_8391,Mobile,Social,2024-03-14,08:26:19
1484,USER_6727,Desktop,Organic,2024-11-23,23:21:53
1485,USER_1436,Desktop,Organic,2024-05-18,04:02:20
1486,USER_7797,Desktop,Paid Search,2024-09-24,22:36:38
1487,USER_1872,Desktop,Direct,2024-08-18,13:55:00
1488,USER_7495,Mobile,Paid Search,2024-07-29,08:44:13
1489,USER_9224,Desktop,Paid Search,2024-05-02,17:50:31
1490,USER_7126,Mobile,Social,2024-03-30,17:31:20
1491,USER_4862,Desktop,Social,2024-11-08,20:15:20
1492,USER_7326,Desktop,Organic,2024-12-20,14:45:30
1493,USER_2337,Desktop,Paid Search,2024-01-20,16:35:54
1494,USER_7142,Desktop,Organic,2024-11-01,23:46:05
1495,USER_4678,Mobile,Direct,2024-04-02,03:27:44
1496,USER_1461,Mobile,Organic,2024-09-12,02:24:08
1497,USER_6221,Mobile,Paid Search,2024-11-09,00:10:33
1498,USER_2623,Mobile,Organic,2024-02-15,23:07:10
1499,USER_6493,Desktop,Organic,2024-11-17,06:28:55
1500,USER_3392,Tablet,Email,2024-06-03,03:02:56
1501,USER_3254,Mobile,Organic,2024-06-27,13:31:10
1502,USER_1627,Mobile,Organic,2024-08-02,20:51:33
1503,USER_5700,Desktop,Paid Search,2024-01-03,15:08:47
1504,USER_8740,Desktop,Organic,2024-10-12,17:26:25
1505,USER_3273,Desktop,Organic,2024-04-30,00:18:07
1506,USER_8685,Desktop,Email,2024-04-08,13:18:46
1507,USER_8349,Mobile,Email,2024-03-01,21:17:33
1508,USER_1086,Mobile,Direct,2024-09-28,10:39:56
1509,USER_2298,Mobile,Email,2024-02-18,11:36:41
1510,USER_1311,Mobile,Social,2024-11-12,05:09:18
1511,USER_5193,Mobile,Organic,2024-07-04,16:43:13
1512,USER_4533,Mobile,Email,2024-10-03,19:45:23
1513,USER_3449,Tablet,Email,2024-09-16,16:38:16
1514,USER_9991,Desktop,Email,2024-04-22,15:29:13
1515,USER_9647,Desktop,Paid Search,2024-08-25,10:59:47
1516,USER_7934,Desktop,Organic,2024-11-16,23:54:59
1517,USER_2821,Mobile,Email,2024-12-03,04:10:33
1518,USER_5720,Tablet,Social,2024-04-16,22:53:30
1519,USER_4893,Desktop,Direct,2024-05-21,00:20:26
1520,USER_5934,Tablet,Organic,2024-01-28,05:09:30
1521,USER_2996,Desktop,Organic,2024-04-09,02:00:19
1522,USER_1782,Tablet,Organic,2024-02-27,22:12:12
1523,USER_4906,Desktop,Email,2024-03-17,22:06:34
1524,USER_7878,Desktop,Organic,2024-12-16,14:21:06
1525,USER_8489,Mobile,Organic,2024-08-30,01:39:29
1526,USER_2029,Desktop,Direct,2024-09-11,19:10:04
1527,USER_2816,Desktop,Organic,2024-03-31,11:40:35
1528,USER_9189,Desktop,Email,2024-03-22,07:22:40
1529,USER_9782,Mobile,Paid Search,2024-12-09,00:59:12
1530,USER_1269,Mobile,Email,2024-01-23,08:18:52
1531,USER_9443,Desktop,Social,2024-01-28,13:37:46
1532,USER_4963,Mobile,Direct,2024-11-26,09:23:39
1533,USER_3352,Mobile,Direct,2024-07-05,12:59:16
1534,USER_5772,Desktop,Organic,2024-05-25,17:34:41
1535,USER_8032,Mobile,Organic,2024-04-17,21:12:04
1536,USER_1025,Desktop,Organic,2024-08-10,18:09:06
1537,USER_6780,Desktop,Social,2024-05-08,23:13:17
1538,USER_4941,Mobile,Email,2024-06-20,05:16:36
1539,USER_7825,Desktop,Paid Search,2024-11-11,03:08:51
1540,USER_4068,Mobile,Social,2024-08-20,16:37:41
1541,USER_2402,Mobile,Organic,2024-01-23,12:21:36
1542,USER_9576,Desktop,Email,2024-02-23,18:38:17
1543,USER_6908,Mobile,Direct,2024-01-27,23:55:39
1544,USER_2108,Desktop,Organic,2024-10-02,21:58:30
1545,USER_9618,Tablet,Paid Search,2024-03-31,06:10:00
1546,USER_9914,Mobile,Organic,2024-03-21,07:13:05
1547,USER_9312,Mobile,Social,2024-01-15,19:09:09
1548,USER_9316,Mobile,Paid Search,2024-09-05,05:30:55
1549,USER_1333,Desktop,Organic,2024-09-20,00:20:04
1550,USER_7397,Mobile,Paid Search,2024-02-29,01:08:32
1551,USER_8702,Tablet,Paid Search,2024-02-06,14:27:42
1552,USER_1713,Mobile,Paid Search,2024-04-30,15:20:19
1553,USER_7338,Mobile,Social,2024-08-15,16:48:07
1554,USER_7116,Tablet,Organic,2024-10-30,07:35:25
1555,USER_5155,Desktop,Email,2024-10-23,12:49:24
1556,USER_1266,Desktop,Social,2024-06-15,22:30:22
1557,USER_6850,Mobile,Paid Search,2024-08-02,09:53:33
1558,USER_2106,Mobile,Organic,2024-04-11,10:33:05
1559,USER_6649,Mobile,Email,2024-12-12,19:53:13
1560,USER_4950,Tablet,Direct,2024-06-15,05:40:53
1561,USER_2698,Desktop,Organic,2024-04-27,08:45:09
1562,USER_6447,Desktop,Paid Search,2024-02-26,13:35:28
1563,USER_3185,Mobile,Organic,2024-06-15,15:44:50
1564,USER_1726,Desktop,Social,2024-04-26,08:43:07
1565,USER_6772,Mobile,Organic,2024-02-20,17:57:27
1566,USER_9945,Mobile,Paid Search,2024-05-01,20:22:11
1567,USER_6546,Mobile,Social,2024-07-30,00:55:23
1568,USER_3868,Desktop,Social,2024-04-12,14:49:42
1569,USER_8612,Mobile,Paid Search,2024-07-11,11:46:27
1570,USER_8840,Mobile,Paid Search,2024-04-22,06:39:35
1571,USER_3986,Mobile,Social,2024-02-07,06:24:23
1572,USER_3209,Desktop,Organic,2024-08-29,05:59:47
1573,USER_2033,Mobile,Organic,2024-10-26,00:12:28
1574,USER_8498,Tablet,Email,2024-09-05,11:33:12
1575,USER_1605,Desktop,Organic,2024-01-28,00:37:19
1576,USER_5807,Desktop,Social,2024-08-11,10:06:58
1577,USER_4302,Desktop,Direct,2024-03-15,11:58:16
1578,USER_1717,Mobile,Organic,2024-04-20,16:58:00
1579,USER_4268,Mobile,Paid Search,2024-11-08,19:17:02
1580,USER_1686,Mobile,Social,2024-08-20,20:17:41
1581,USER_6170,Desktop,Email,2024-04-01,15:25:02
1582,USER_6080,Desktop,Direct,2024-07-17,22:45:16
1583,USER_9444,Mobile,Social,2024-07-10,08:40:03
1584,USER_7524,Mobile,Organic,2024-03-10,18:52:01
1585,USER_9897,Tablet,Social,2024-08-22,22:59:30
1586,USER_8756,Desktop,Paid Search,2024-04-09,19:40:29
1587,USER_5150,Mobile,Paid Search,2024-11-19,15:11:30
1588,USER_1599,Mobile,Organic,2024-07-02,23:55:41
1589,USER_4131,Mobile,Organic,2024-05-18,17:51:06
1590,USER_5687,Mobile,Email,2024-04-13,01:23:01
1591,USER_6848,Mobile,Paid Search,2024-06-20,19:57:45
1592,USER_1783,Tablet,Paid Search,2024-03-06,04:45:47
1593,USER_6438,Desktop,Paid Search,2024-01-17,05:55:54
1594,USER_5476,Desktop,Email,2024-12-20,04:05:26
1595,USER_3039,Mobile,Social,2024-10-18,03:03:28
1596,USER_7029,Mobile,Organic,2024-01-31,20:45:03
1597,USER_8159,Desktop,Organic,2024-05-23,10:06:54
1598,USER_7553,Desktop,Organic,2024-03-10,17:17:54
1599,USER_8204,Desktop,Direct,2024-02-26,06:41:39
1600,USER_7334,Tablet,Social,2024-08-26,23:01:21
1601,USER_6554,Desktop,Paid Search,2024-08-22,21:54:57
1602,USER_4060,Desktop,Social,2024-08-02,10:57:45
1603,USER_9129,Desktop,Paid Search,2024-03-28,05:57:37
1604,USER_9151,Desktop,Email,2024-06-24,23:23:33
1605,USER_7018,Desktop,Paid Search,2024-04-22,00:42:25
1606,USER_9507,Mobile,Organic,2024-05-31,13:53:42
1607,USER_5369,Desktop,Organic,2024-11-05,21:03:04
1608,USER_2353,Mobile,Paid Search,2024-03-21,06:52:48
1609,USER_7955,Desktop,Direct,2024-11-22,16:09:46
1610,USER_2293,Mobile,Paid Search,2024-11-09,08:05:11
1611,USER_8055,Tablet,Email,2024-03-28,14:02:17
1612,USER_3956,Mobile,Email,2024-10-22,19:12:44
1613,USER_9937,Mobile,Organic,2024-10-10,16:26:11
1614,USER_5813,Desktop,Organic,2024-04-27,20:47:53
1615,USER_6262,Desktop,Organic,2024-02-14,00:19:17
1616,USER_2680,Mobile,Social,2024-07-29,17:22:07
1617,USER_2311,Tablet,Organic,2024-09-24,10:29:36
1618,USER_6372,Mobile,Paid Search,2024-09-07,22:05:36
1619,USER_5843,Mobile,Paid Search,2024-04-20,14:05:07
1620,USER_6021,Mobile,Social,2024-10-29,02:11:46
1621,USER_8305,Mobile,Organic,2024-08-30,02:11:20
1622,USER_7981,Desktop,Paid Search,2024-08-24,18:40:01
1623,USER_3730,Mobile,Paid Search,2024-05-22,05:50:00
1624,USER_8272,Tablet,Paid Search,2024-01-08,06:40:23
1625,USER_6759,Desktop,Email,2024-08-07,14:05:56
1626,USER_8325,Mobile,Organic,2024-05-06,23:15:19
1627,USER_1693,Desktop,Email,2024-05-06,21:41:57
1628,USER_6776,Mobile,Social,2024-06-16,06:47:48
1629,USER_8126,Desktop,Social,2024-08-10,23:08:19
1630,USER_5498,Mobile,Social,2024-10-23,01:24:45
1631,USER_1939,Mobile,Paid Search,2024-04-23,09:11:17
1632,USER_2229,Desktop,Organic,2024-10-29,04:36:20
1633,USER_7655,Mobile,Social,2024-03-17,13:14:53
1634,USER_6952,Mobile,Paid Search,2024-10-20,06:17:56
1635,USER_9406,Tablet,Social,2024-01-03,06:11:18
1636,USER_3621,Desktop,Paid Search,2024-08-01,08:44:28
1637,USER_1510,Desktop,Direct,2024-01-23,08:05:31
1638,USER_3339,Desktop,Social,2024-01-21,11:37:23
1639,USER_8179,Tablet,Organic,2024-08-28,11:49:41
1640,USER_1570,Tablet,Paid Search,2024-09-15,16:28:53
1641,USER_3068,Mobile,Email,2024-01-18,20:43:53
1642,USER_2101,Mobile,Email,2024-08-05,05:02:53
1643,USER_4866,Mobile,Paid Search,2024-09-28,18:24:09
1644,USER_7001,Mobile,Email,2024-07-20,17:36:13
1645,USER_6933,Desktop,Organic,2024-09-02,22:27:22
1646,USER_7272,Mobile,Paid Search,2024-12-22,20:51:43
1647,USER_1530,Desktop,Email,2024-02-20,09:13:21
1648,USER_3513,Mobile,Email,2024-08-19,22:32:35
1649,USER_8371,Mobile,Social,2024-09-10,23:50:17
1650,USER_7077,Mobile,Email,2024-05-03,02:32:49
1651,USER_7095,Desktop,Organic,2024-02-12,06:16:13
1652,USER_8273,Desktop,Email,2024-10-12,14:16:02
1653,USER_2259,Desktop,Paid Search,2024-01-07,03:33:42
1654,USER_3255,Desktop,Organic,2024-12-20,20:11:30
1655,USER_9674,Desktop,Organic,2024-07-27,04:29:37
1656,USER_7012,Tablet,Paid Search,2024-04-21,10:23:36
1657,USER_7521,Mobile,Organic,2024-03-08,12:42:37
1658,USER_6150,Desktop,Paid Search,2024-07-02,01:20:44
1659,USER_5566,Desktop,Organic,2024-05-31,03:40:22
1660,USER_5089,Mobile,Organic,2024-05-02,00:10:26
1661,USER_2858,Mobile,Social,2024-11-27,15:21:21
1662,USER_1424,Mobile,Paid Search,2024-02-16,20:57:06
1663,USER_4048,Tablet,Paid Search,2024-01-09,05:58:22
1664,USER_9176,Mobile,Social,2024-09-02,09:10:29
1665,USER_9482,Tablet,Email,2024-12-08,17:11:48
1666,USER_7340,Tablet,Email,2024-06-05,00:28:51
1667,USER_2929,Desktop,Paid Search,2024-03-23,19:29:37
1668,USER_5288,Tablet,Social,2024-12-26,18:44:27
1669,USER_5264,Desktop,Organic,2024-08-23,23:25:30
1670,USER_8311,Mobile,Organic,2024-10-19,07:16:46
1671,USER_4515,Desktop,Paid Search,2024-10-25,11:38:21
1672,USER_5678,Tablet,Email,2024-01-13,15:43:25
1673,USER_9047,Tablet,Organic,2024-08-20,09:02:59
1674,USER_4279,Mobile,Organic,2024-08-25,07:48:59
1675,USER_3009,Mobile,Organic,2024-03-11,16:06:26
1676,USER_3223,Desktop,Email,2024-12-26,13:49:17
1677,USER_2213,Desktop,Social,2024-07-26,18:25:37
1678,USER_8406,Mobile,Organic,2024-04-04,00:10:32
1679,USER_3828,Desktop,Social,2024-07-08,05:59:19
1680,USER_8292,Mobile,Paid Search,2024-11-16,19:44:33
1681,USER_2438,Desktop,Social,2024-08-25,06:36:48
1682,USER_6236,Tablet,Organic,2024-12-26,04:08:42
1683,USER_6692,Mobile,Email,2024-11-20,10:50:03
1684,USER_2063,Mobile,Paid Search,2024-01-01,02:19:50
1685,USER_9882,Desktop,Social,2024-11-17,04:51:22
1686,USER_5757,Tablet,Organic,2024-02-06,14:25:10
1687,USER_5914,Tablet,Paid Search,2024-07-16,14:00:42
1688,USER_3580,Mobile,Paid Search,2024-12-19,04:12:56
1689,USER_3852,Mobile,Paid Search,2024-06-19,05:19:19
1690,USER_6922,Mobile,Organic,2024-09-28,02:11:15
1691,USER_9335,Desktop,Email,2024-01-17,06:27:05
1692,USER_4673,Mobile,Organic,2024-05-31,23:15:09
1693,USER_2988,Desktop,Social,2024-08-06,21:35:54
1694,USER_4292,Desktop,Email,2024-05-18,11:00:30
1695,USER_3275,Desktop,Social,2024-12-23,05:22:06
1696,USER_4878,Desktop,Social,2024-11-09,15:35:43
1697,USER_9094,Desktop,Social,2024-10-04,12:44:13
1698,USER_1430,Desktop,Paid Search,2024-10-21,15:42:24
1699,USER_6912,Tablet,Email,2024-04-16,14:45:15
1700,USER_7044,Mobile,Organic,2024-12-16,03:24:08
1701,USER_8657,Tablet,Social,2024-02-11,10:48:59
1702,USER_3126,Mobile,Social,2024-11-13,04:25:49
1703,USER_2412,Desktop,Paid Search,2024-06-20,10:57:18
1704,USER_2077,Mobile,Paid Search,2024-01-29,21:46:55
1705,USER_6067,Mobile,Paid Search,2024-09-20,13:38:25
1706,USER_7523,Desktop,Email,2024-12-11,17:04:22
1707,USER_8842,Mobile,Direct,2024-07-05,15:42:47
1708,USER_9612,Desktop,Paid Search,2024-01-27,18:01:14
1709,USER_7730,Mobile,Social,2024-02-26,19:11:49
1710,USER_7708,Mobile,Direct,2024-07-15,07:23:23
1711,USER_2208,Desktop,Organic,2024-07-06,10:32:52
1712,USER_3053,Desktop,Organic,2024-08-26,00:39:38
1713,USER_6194,Mobile,Social,2024-11-12,12:58:04
1714,USER_2215,Mobile,Email,2024-01-21,20:14:08
1715,USER_8372,Desktop,Email,2024-07-06,15:12:02
1716,USER_8632,Tablet,Paid Search,2024-07-06,06:19:27
1717,USER_9476,Desktop,Organic,2024-03-30,02:21:24
1718,USER_6644,Mobile,Paid Search,2024-11-27,20:11:27
1719,USER_3102,Tablet,Organic,2024-10-13,04:18:19
1720,USER_3981,Desktop,Organic,2024-12-26,12:43:52
1721,USER_3114,Desktop,Email,2024-02-04,15:02:16
1722,USER_8088,Desktop,Organic,2024-10-14,13:11:10
1723,USER_9238,Desktop,Email,2024-12-29,12:43:33
1724,USER_1907,Desktop,Paid Search,2024-04-14,03:29:51
1725,USER_3034,Mobile,Social,2024-03-11,02:22:43
1726,USER_9488,Desktop,Organic,2024-06-20,23:06:41
1727,USER_3507,Mobile,Paid Search,2024-05-02,12:51:51
1728,USER_5982,Tablet,Organic,2024-10-03,00:10:20
1729,USER_3697,Mobile,Direct,2024-02-28,04:36:32
1730,USER_3653,Mobile,Email,2024-11-28,12:43:29
1731,USER_6286,Desktop,Paid Search,2024-09-01,00:31:41
1732,USER_4694,Mobile,Organic,2024-10-24,21:25:27
1733,USER_6669,Mobile,Direct,2024-12-25,01:19:27
1734,USER_9501,Mobile,Paid Search,2024-04-17,08:47:40
1735,USER_5653,Desktop,Organic,2024-04-25,03:38:51
1736,USER_2292,Tablet,Social,2024-06-13,14:32:23
1737,USER_5105,Mobile,Direct,2024-06-29,15:45:21
1738,USER_4216,Desktop,Organic,2024-05-16,17:23:07
1739,USER_5496,Desktop,Organic,2024-09-14,05:27:34
1740,USER_3050,Mobile,Direct,2024-12-14,12:55:43
1741,USER_5961,Mobile,Organic,2024-08-04,02:09:00
1742,USER_9740,Mobile,Organic,2024-05-21,10:59:45
1743,USER_2530,Mobile,Social,2024-01-28,18:16:12
1744,USER_9234,Desktop,Email,2024-02-02,16:52:39
1745,USER_3762,Mobile,Paid Search,2024-07-09,23:55:29
1746,USER_3526,Mobile,Direct,2024-06-25,13:03:29
1747,USER_3804,Desktop,Social,2024-08-19,09:02:07
1748,USER_6531,Desktop,Organic,2024-09-05,15:29:23
1749,USER_1674,Mobile,Direct,2024-09-13,01:56:38
1750,USER_1464,Desktop,Paid Search,2024-09-26,21:23:16
1751,USER_2330,Mobile,Organic,2024-03-03,13:21:43
1752,USER_1744,Desktop,Social,2024-08-28,09:49:52
1753,USER_5336,Desktop,Paid Search,2024-12-29,00:34:17
1754,USER_4453,Desktop,Organic,2024-09-29,05:18:22
1755,USER_7825,Tablet,Organic,2024-12-13,13:01:28
1756,USER_1496,Mobile,Paid Search,2024-09-29,10:19:40
1757,USER_9159,Tablet,Email,2024-05-29,01:38:07
1758,USER_9938,Mobile,Social,2024-08-19,11:46:02
1759,USER_5745,Desktop,Direct,2024-11-13,17:47:25
1760,USER_5949,Mobile,Organic,2024-07-07,07:11:05
1761,USER_8912,Mobile,Organic,2024-12-10,17:06:08
1762,USER_5012,Mobile,Organic,2024-12-20,23:09:40
1763,USER_7653,Desktop,Organic,2024-02-03,15:27:57
1764,USER_5873,Mobile,Organic,2024-04-06,08:22:29
1765,USER_8430,Desktop,Email,2024-08-22,22:39:15
1766,USER_2195,Desktop,Direct,2024-02-14,23:52:33
1767,USER_1981,Mobile,Direct,2024-02-11,18:29:02
1768,USER_3589,Mobile,Organic,2024-07-19,02:20:23
1769,USER_8202,Desktop,Email,2024-04-01,01:09:38
1770,USER_7809,Desktop,Paid Search,2024-05-27,23:40:51
1771,USER_8933,Mobile,Organic,2024-02-09,03:24:32
1772,USER_8609,Mobile,Email,2024-02-25,23:05:21
1773,USER_4342,Tablet,Social,2024-03-25,20:47:19
1774,USER_6573,Tablet,Organic,2024-05-21,13:25:01
1775,USER_3353,Mobile,Paid Search,2024-02-27,05:47:16
1776,USER_6121,Desktop,Organic,2024-12-22,23:41:47
1777,USER_6231,Mobile,Social,2024-03-16,02:53:58
1778,USER_6658,Mobile,Paid Search,2024-09-11,13:07:50
1779,USER_7532,Desktop,Direct,2024-03-18,06:36:16
1780,USER_3142,Mobile,Organic,2024-04-14,09:39:32
1781,USER_7070,Desktop,Paid Search,2024-09-23,17:54:50
1782,USER_9437,Tablet,Paid Search,2024-11-17,07:44:51
1783,USER_2739,Mobile,Paid Search,2024-01-12,01:23:36
1784,USER_6228,Mobile,Paid Search,2024-05-30,15:13:48
1785,USER_4960,Mobile,Social,2024-08-01,13:17:47
1786,USER_8642,Tablet,Email,2024-12-15,22:49:11
1787,USER_3007,Mobile,Direct,2024-10-04,08:32:42
1788,USER_5382,Mobile,Email,2024-03-08,01:38:25
1789,USER_8366,Desktop,Email,2024-08-30,05:43:18
1790,USER_5061,Mobile,Social,2024-06-26,08:00:26
1791,USER_3308,Desktop,Email,2024-08-03,06:01:50
1792,USER_2586,Mobile,Paid Search,2024-08-15,13:42:08
1793,USER_1829,Mobile,Paid Search,2024-11-26,08:17:29
1794,USER_5754,Mobile,Paid Search,2024-01-11,19:50:40
1795,USER_7293,Desktop,Paid Search,2024-05-29,10:06:14
1796,USER_7850,Desktop,Organic,2024-04-06,07:01:45
1797,USER_5067,Mobile,Direct,2024-02-02,10:14:04
1798,USER_3616,Desktop,Paid Search,2024-01-12,19:18:46
1799,USER_6364,Desktop,Organic,2024-04-28,22:38:52
1800,USER_6123,Desktop,Paid Search,2024-09-23,14:37:26
1801,USER_4110,Tablet,Organic,2024-11-26,20:38:21
1802,USER_3610,Mobile,Organic,2024-06-20,17:24:30
1803,USER_9163,Desktop,Organic,2024-07-29,17:00:21
1804,USER_9433,Desktop,Paid Search,2024-10-23,10:20:22
1805,USER_8648,Desktop,Paid Search,2024-06-24,14:09:29
1806,USER_9171,Mobile,Email,2024-12-01,23:31:13
1807,USER_6055,Mobile,Social,2024-11-26,17:44:10
1808,USER_9148,Desktop,Paid Search,2024-06-16,21:24:16
1809,USER_1379,Desktop,Paid Search,2024-09-05,12:02:42
1810,USER_2475,Desktop,Paid Search,2024-10-30,18:05:40
1811,USER_7442,Mobile,Email,2024-12-06,15:35:22
1812,USER_9281,Mobile,Organic,2024-12-22,02:13:47
1813,USER_8491,Desktop,Organic,2024-09-28,16:23:19
1814,USER_4944,Desktop,Email,2024-10-07,09:48:20
1815,USER_4524,Desktop,Paid Search,2024-08-15,14:43:29
1816,USER_6781,Tablet,Organic,2024-08-22,00:09:39
1817,USER_1797,Desktop,Organic,2024-06-04,18:10:39
1818,USER_1828,Mobile,Direct,2024-10-17,11:36:27
1819,USER_5609,Mobile,Email,2024-03-08,13:48:01
1820,USER_9108,Desktop,Social,2024-06-05,09:35:47
1821,USER_8710,Desktop,Paid Search,2024-03-28,15:15:24
1822,USER_5681,Desktop,Paid Search,2024-05-13,17:08:24
1823,USER_9793,Mobile,Direct,2024-04-26,19:54:07
1824,USER_1133,Mobile,Direct,2024-09-04,03:25:13
1825,USER_2761,Mobile,Organic,2024-07-09,06:07:36
1826,USER_8060,Mobile,Email,2024-05-27,09:11:55
1827,USER_3194,Desktop,Organic,2024-01-25,05:49:49
1828,USER_5333,Tablet,Organic,2024-03-16,23:25:35
1829,USER_6992,Mobile,Social,2024-06-29,13:22:48
1830,USER_7606,Desktop,Paid Search,2024-05-25,06:26:57
1831,USER_6995,Tablet,Direct,2024-08-21,19:17:20
1832,USER_1741,Mobile,Organic,2024-03-26,11:40:06
1833,USER_7563,Mobile,Paid Search,2024-11-12,21:56:43
1834,USER_1838,Mobile,Direct,2024-03-23,20:48:40
1835,USER_4189,Mobile,Direct,2024-12-30,10:32:34
1836,USER_6939,Mobile,Organic,2024-10-01,17:25:14
1837,USER_5728,Desktop,Paid Search,2024-05-26,12:31:48
1838,USER_2204,Desktop,Social,2024-04-03,14:18:52
1839,USER_7329,Tablet,Organic,2024-03-30,14:10:59
1840,USER_9261,Desktop,Direct,2024-12-28,05:25:18
1841,USER_8378,Desktop,Direct,2024-12-20,00:34:53
1842,USER_5582,Mobile,Organic,2024-12-07,10:48:29
1843,USER_2946,Mobile,Organic,2024-03-19,20:11:43
1844,USER_3108,Mobile,Organic,2024-03-23,03:24:37
1845,USER_2584,Tablet,Direct,2024-05-01,20:26:26
1846,USER_7453,Desktop,Organic,2024-02-29,13:12:40
1847,USER_7114,Desktop,Paid Search,2024-01-22,00:39:14
1848,USER_6555,Desktop,Paid Search,2024-06-11,04:39:39
1849,USER_6990,Tablet,Social,2024-10-21,16:05:38
1850,USER_3363,Mobile,Organic,2024-03-05,18:46:26
1851,USER_4261,Desktop,Organic,2024-08-13,00:20:39
1852,USER_9341,Mobile,Direct,2024-05-13,07:10:36
1853,USER_7576,Tablet,Direct,2024-07-08,20:30:43
1854,USER_9193,Mobile,Email,2024-04-04,02:23:01
1855,USER_1659,Tablet,Organic,2024-04-15,23:38:56
1856,USER_1742,Desktop,Paid Search,2024-10-14,20:24:35
1857,USER_1637,Mobile,Social,2024-12-28,16:55:12
1858,USER_3245,Mobile,Organic,2024-01-18,05:29:23
1859,USER_6456,Mobile,Direct,2024-12-06,23:55:15
1860,USER_8761,Mobile,Social,2024-06-11,05:30:59
1861,USER_9508,Mobile,Organic,2024-06-25,22:58:12
1862,USER_8487,Mobile,Direct,2024-03-16,10:08:18
1863,USER_3440,Desktop,Direct,2024-07-09,02:57:01
1864,USER_9446,Mobile,Organic,2024-08-17,06:36:29
1865,USER_3290,Tablet,Paid Search,2024-10-03,14:15:43
1866,USER_6373,Tablet,Paid Search,2024-03-24,19:28:15
1867,USER_6218,Desktop,Paid Search,2024-09-30,05:29:32
1868,USER_3662,Desktop,Organic,2024-06-03,20:07:51
1869,USER_7438,Desktop,Social,2024-03-03,19:53:21
1870,USER_5902,Mobile,Direct,2024-01-13,05:15:29
1871,USER_6511,Mobile,Paid Search,2024-07-26,23:04:00
1872,USER_9311,Desktop,Organic,2024-09-12,23:02:43
1873,USER_9351,Mobile,Social,2024-03-15,21:26:55
1874,USER_9721,Mobile,Paid Search,2024-08-22,16:30:55
1875,USER_9025,Mobile,Email,2024-06-12,12:04:50
1876,USER_5911,Mobile,Paid Search,2024-03-20,13:16:56
1877,USER_8780,Mobile,Organic,2024-01-03,22:34:07
1878,USER_1272,Mobile,Organic,2024-10-06,22:49:38
1879,USER_7035,Desktop,Email,2024-09-16,20:34:45
1880,USER_6427,Mobile,Organic,2024-06-18,00:28:30
1881,USER_2795,Mobile,Email,2024-11-27,23:03:18
1882,USER_7824,Tablet,Organic,2024-12-27,12:53:52
1883,USER_6040,Mobile,Paid Search,2024-05-31,23:49:02
1884,USER_1436,Mobile,Paid Search,2024-08-30,11:25:45
1885,USER_8775,Desktop,Direct,2024-05-28,16:40:41
1886,USER_5350,Mobile,Direct,2024-10-20,14:27:50
1887,USER_4728,Desktop,Organic,2024-12-07,03:06:09
1888,USER_1841,Desktop,Paid Search,2024-03-16,08:48:52
1889,USER_8871,Mobile,Organic,2024-10-16,18:48:50
1890,USER_3793,Tablet,Paid Search,2024-08-14,03:46:10
1891,USER_9589,Desktop,Paid Search,2024-06-22,11:26:42
1892,USER_7229,Mobile,Direct,2024-12-18,10:09:58
1893,USER_3421,Mobile,Direct,2024-02-27,07:50:30
1894,USER_4968,Desktop,Paid Search,2024-09-02,06:16:06
1895,USER_1517,Mobile,Paid Search,2024-01-21,10:41:44
1896,USER_2800,Mobile,Email,2024-03-12,02:29:57
1897,USER_4125,Mobile,Email,2024-12-13,22:31:48
1898,USER_1310,Desktop,Organic,2024-10-09,07:48:16
1899,USER_8225,Desktop,Paid Search,2024-02-29,10:18:44
1900,USER_6139,Mobile,Paid Search,2024-06-06,14:21:50
1901,USER_7861,Mobile,Organic,2024-01-13,14:44:16
1902,USER_3481,Desktop,Organic,2024-07-24,18:17:38
1903,USER_7765,Mobile,Organic,2024-11-12,01:48:08
1904,USER_4340,Desktop,Social,2024-04-22,04:33:18
1905,USER_7723,Mobile,Organic,2024-08-16,00:14:56
1906,USER_9221,Desktop,Organic,2024-07-01,11:36:23
1907,USER_8726,Tablet,Organic,2024-02-17,22:18:19
1908,USER_2020,Desktop,Email,2024-06-16,22:10:36
1909,USER_3262,Desktop,Email,2024-01-29,20:19:30
1910,USER_9498,Desktop,Paid Search,2024-11-07,22:28:43
1911,USER_4397,Desktop,Paid Search,2024-11-24,09:09:47
1912,USER_6325,Tablet,Direct,2024-04-09,22:08:09
1913,USER_8837,Tablet,Organic,2024-10-25,19:18:54
1914,USER_9609,Desktop,Organic,2024-09-26,12:16:40
1915,USER_7173,Mobile,Organic,2024-04-23,07:01:54
1916,USER_6140,Mobile,Organic,2024-05-22,06:37:19
1917,USER_3837,Tablet,Paid Search,2024-04-10,04:37:00
1918,USER_8531,Mobile,Direct,2024-01-12,08:23:46
1919,USER_9734,Desktop,Social,2024-02-12,16:47:55
1920,USER_6608,Mobile,Paid Search,2024-10-02,16:25:30
1921,USER_9950,Mobile,Direct,2024-08-16,19:57:10
1922,USER_6804,Desktop,Organic,2024-12-12,11:41:09
1923,USER_5331,Mobile,Organic,2024-12-09,18:54:32
1924,USER_8932,Desktop,Social,2024-02-14,10:33:23
1925,USER_4150,Mobile,Social,2024-09-19,12:55:59
1926,USER_5038,Desktop,Organic,2024-07-20,15:41:10
1927,USER_5571,Mobile,Paid Search,2024-04-09,16:30:11
1928,USER_5890,Mobile,Social,2024-09-08,15:57:24
1929,USER_4684,Mobile,Social,2024-06-11,00:42:04
1930,USER_5876,Desktop,Social,2024-11-04,10:14:19
1931,USER_5735,Mobile,Paid Search,2024-11-05,06:14:09
1932,USER_4396,Mobile,Organic,2024-09-18,08:38:49
1933,USER_9011,Mobile,Paid Search,2024-01-29,23:50:07
1934,USER_6194,Mobile,Organic,2024-12-07,20:12:22
1935,USER_8861,Mobile,Direct,2024-07-03,15:29:36
1936,USER_6714,Mobile,Paid Search,2024-07-22,20:58:00
1937,USER_5480,Desktop,Paid Search,2024-03-16,23:54:52
1938,USER_5715,Mobile,Email,2024-08-06,16:57:14
1939,USER_2996,Mobile,Paid Search,2024-07-08,23:12:23
1940,USER_9899,Desktop,Paid Search,2024-07-16,21:02:25
1941,USER_7220,Desktop,Email,2024-07-09,20:06:21
1942,USER_7464,Desktop,Email,2024-01-07,16:04:17
1943,USER_6654,Mobile,Social,2024-05-25,17:34:54
1944,USER_3399,Mobile,Organic,2024-06-25,23:34:55
1945,USER_5758,Mobile,Social,2024-06-28,02:51:03
1946,USER_1689,Mobile,Email,2024-06-06,14:36:33
1947,USER_5712,Mobile,Organic,2024-08-16,07:15:16
1948,USER_2294,Desktop,Organic,2024-10-14,23:11:44
1949,USER_6674,Desktop,Email,2024-02-14,20:54:15
1950,USER_8247,Mobile,Organic,2024-04-20,07:44:45
1951,USER_5201,Desktop,Email,2024-08-15,14:11:02
1952,USER_8849,Desktop,Paid Search,2024-07-31,19:17:35
1953,USER_4505,Mobile,Paid Search,2024-08-14,08:05:47
1954,USER_4310,Mobile,Organic,2024-05-27,06:46:53
1955,USER_9824,Tablet,Email,2024-03-24,02:57:57
1956,USER_5442,Tablet,Paid Search,2024-08-05,04:33:19
1957,USER_5450,Mobile,Paid Search,2024-07-31,01:13:14
1958,USER_3249,Mobile,Social,2024-03-12,07:37:48
1959,USER_2789,Mobile,Social,2024-10-27,18:30:29
1960,USER_4920,Mobile,Direct,2024-11-02,03:34:56
1961,USER_4972,Desktop,Paid Search,2024-02-14,01:20:50
1962,USER_1831,Mobile,Paid Search,2024-03-14,20:04:12
1963,USER_9700,Mobile,Direct,2024-04-16,15:07:28
1964,USER_4697,Desktop,Social,2024-06-04,02:30:12
1965,USER_4814,Mobile,Organic,2024-08-31,03:34:37
1966,USER_1860,Mobile,Organic,2024-09-25,06:38:31
1967,USER_2641,Desktop,Email,2024-06-20,09:36:00
1968,USER_7771,Desktop,Paid Search,2024-02-03,18:27:55
1969,USER_6411,Desktop,Social,2024-10-29,03:46:56
1970,USER_8739,Desktop,Paid Search,2024-07-11,14:49:41
1971,USER_2647,Desktop,Organic,2024-02-15,06:37:51
1972,USER_3252,Mobile,Social,2024-01-04,20:39:48
1973,USER_1084,Desktop,Organic,2024-07-28,14:00:16
1974,USER_3587,Mobile,Paid Search,2024-11-23,13:38:17
1975,USER_7666,Desktop,Paid Search,2024-05-19,15:40:11
1976,USER_8793,Tablet,Paid Search,2024-07-31,10:32:30
1977,USER_8822,Desktop,Social,2024-03-30,16:18:41
1978,USER_4267,Mobile,Email,2024-10-11,09:16:55
1979,USER_5706,Tablet,Email,2024-08-24,17:15:21
1980,USER_6262,Mobile,Organic,2024-12-29,08:43:35
1981,USER_5676,Desktop,Organic,2024-10-17,16:19:40
1982,USER_1969,Mobile,Paid Search,2024-03-11,14:07:48
1983,USER_2465,Mobile,Direct,2024-04-12,05:31:00
1984,USER_4804,Mobile,Email,2024-04-05,10:57:32
1985,USER_9767,Desktop,Email,2024-07-14,15:31:10
1986,USER_1611,Desktop,Paid Search,2024-05-28,05:04:48
1987,USER_3868,Mobile,Paid Search,2024-10-10,13:43:19
1988,USER_7846,Mobile,Paid Search,2024-09-08,03:59:55
1989,USER_3880,Mobile,Organic,2024-01-22,14:21:40
1990,USER_1595,Mobile,Organic,2024-06-03,21:34:52
1991,USER_7504,Mobile,Direct,2024-10-26,05:12:49
1992,USER_9116,Desktop,Organic,2024-06-04,03:48:14
1993,USER_4052,Mobile,Organic,2024-09-09,06:19:32
1994,USER_5742,Desktop,Organic,2024-10-13,09:20:49
1995,USER_1613,Mobile,Direct,2024-08-25,16:30:06
1996,USER_1151,Mobile,Social,2024-04-24,21:19:59
1997,USER_5888,Tablet,Social,2024-01-14,19:13:36
1998,USER_2758,Desktop,Direct,2024-01-02,21:09:20
1999,USER_6489,Desktop,Paid Search,2024-03-19,05:12:49
2000,USER_5662,Desktop,Social,2024-05-14,12:50:10
2001,USER_8444,Desktop,Organic,2024-06-02,05:39:42
2002,USER_9901,Desktop,Organic,2024-11-23,05:20:33
2003,USER_9590,Tablet,Email,2024-11-21,15:41:38
2004,USER_9092,Desktop,Email,2024-08-29,13:49:46
2005,USER_3198,Desktop,Paid Search,2024-03-04,08:14:59
2006,USER_9261,Mobile,Paid Search,2024-11-30,08:30:59
2007,USER_8668,Mobile,Paid Search,2024-12-06,09:23:09
2008,USER_5470,Mobile,Organic,2024-05-27,09:21:46
2009,USER_4159,Desktop,Organic,2024-08-01,11:53:47
2010,USER_2845,Mobile,Organic,2024-04-01,10:28:19
2011,USER_6417,Desktop,Organic,2024-09-08,13:36:25
2012,USER_3662,Desktop,Email,2024-12-18,13:00:48
2013,USER_8518,Tablet,Organic,2024-11-26,12:03:26
2014,USER_5215,Desktop,Organic,2024-05-05,11:41:51
2015,USER_4050,Mobile,Paid Search,2024-01-15,04:29:49
2016,USER_1230,Mobile,Email,2024-03-02,08:01:52
2017,USER_6523,Desktop,Organic,2024-05-21,22:12:13
2018,USER_5833,Tablet,Organic,2024-09-09,21:45:16
2019,USER_4164,Desktop,Paid Search,2024-02-04,09:53:23
2020,USER_3875,Mobile,Social,2024-11-02,00:20:27
2021,USER_7643,Tablet,Social,2024-07-04,12:20:35
2022,USER_8007,Mobile,Email,2024-10-24,17:47:12
2023,USER_9442,Tablet,Direct,2024-09-03,06:39:32
2024,USER_6372,Desktop,Email,2024-10-16,14:54:17
2025,USER_2421,Mobile,Social,2024-08-11,03:04:15
2026,USER_7567,Desktop,Paid Search,2024-05-12,05:20:46
2027,USER_2562,Mobile,Organic,2024-11-17,15:46:37
2028,USER_4027,Tablet,Direct,2024-12-17,15:02:49
2029,USER_3303,Desktop,Paid Search,2024-08-31,21:24:44
2030,USER_8822,Mobile,Organic,2024-12-21,22:31:15
2031,USER_6301,Desktop,Social,2024-03-02,08:38:37
2032,USER_5064,Mobile,Organic,2024-07-10,12:03:06
2033,USER_1111,Mobile,Social,2024-09-19,01:40:21
2034,USER_5272,Tablet,Social,2024-10-21,08:34:23
2035,USER_7284,Mobile,Paid Search,2024-01-09,14:59:18
2036,USER_4858,Desktop,Email,2024-05-12,03:30:08
2037,USER_8319,Desktop,Organic,2024-03-24,23:04:20
2038,USER_5374,Desktop,Paid Search,2024-10-24,23:26:52
2039,USER_6400,Desktop,Paid Search,2024-01-30,04:55:09
2040,USER_5947,Desktop,Social,2024-03-15,18:19:36
2041,USER_1187,Tablet,Email,2024-06-12,06:35:05
2042,USER_5285,Mobile,Paid Search,2024-08-24,14:15:20
2043,USER_6890,Mobile,Social,2024-12-20,18:34:48
2044,USER_4871,Desktop,Organic,2024-03-10,21:16:35
2045,USER_2017,Tablet,Direct,2024-07-01,16:52:18
2046,USER_2936,Mobile,Paid Search,2024-03-24,22:01:08
2047,USER_8625,Desktop,Social,2024-01-28,02:55:50
2048,USER_6026,Mobile,Organic,2024-05-19,22:45:47
2049,USER_3616,Mobile,Organic,2024-07-03,10:54:23
2050,USER_7642,Desktop,Paid Search,2024-08-02,14:47:56
2051,USER_9233,Mobile,Email,2024-11-21,06:11:20
2052,USER_6095,Mobile,Paid Search,2024-07-01,14:14:29
2053,USER_2923,Desktop,Direct,2024-01-25,11:21:12
2054,USER_5833,Tablet,Paid Search,2024-05-28,21:45:16
2055,USER_7021,Mobile,Paid Search,2024-05-29,08:38:47
2056,USER_4618,Mobile,Organic,2024-09-28,00:08:07
2057,USER_4590,Mobile,Email,2024-11-23,20:26:27
2058,USER_3188,Mobile,Organic,2024-02-09,12:51:31
2059,USER_8834,Mobile,Email,2024-09-20,01:53:33
2060,USER_3509,Mobile,Direct,2024-04-09,01:58:32
2061,USER_8454,Desktop,Direct,2024-11-17,11:01:36
2062,USER_7121,Mobile,Paid Search,2024-04-03,13:02:32
2063,USER_7813,Mobile,Social,2024-02-18,10:50:34
2064,USER_9998,Mobile,Email,2024-11-02,15:18:36
2065,USER_8714,Desktop,Organic,2024-03-26,10:40:04
2066,USER_9806,Mobile,Social,2024-10-05,23:04:36
2067,USER_4578,Desktop,Organic,2024-06-14,02:35:49
2068,USER_5054,Desktop,Paid Search,2024-06-10,03:34:10
2069,USER_2341,Desktop,Organic,2024-12-16,16:54:54
2070,USER_9609,Desktop,Organic,2024-06-03,02:36:59
2071,USER_8319,Mobile,Paid Search,2024-05-18,14:39:41
2072,USER_9653,Mobile,Paid Search,2024-12-16,06:48:04
2073,USER_6927,Desktop,Social,2024-12-23,21:27:52
2074,USER_2279,Tablet,Organic,2024-12-18,08:29:28
2075,USER_2838,Tablet,Paid Search,2024-07-04,23:09:41
2076,USER_2011,Tablet,Organic,2024-02-19,10:04:11
2077,USER_9972,Desktop,Social,2024-09-30,20:36:21
2078,USER_9281,Mobile,Social,2024-10-23,14:33:49
2079,USER_4312,Tablet,Social,2024-06-29,22:47:52
2080,USER_9792,Mobile,Social,2024-03-14,13:56:01
2081,USER_3455,Desktop,Paid Search,2024-01-07,12:36:18
2082,USER_3695,Desktop,Email,2024-03-11,00:39:53
2083,USER_6375,Mobile,Paid Search,2024-09-22,12:01:00
2084,USER_9525,Tablet,Paid Search,2024-05-24,07:20:27
2085,USER_8239,Mobile,Social,2024-07-09,04:16:54
2086,USER_2904,Mobile,Organic,2024-09-05,07:37:43
2087,USER_4365,Desktop,Social,2024-07-29,10:34:29
2088,USER_9008,Mobile,Social,2024-06-23,20:42:12
2089,USER_2489,Mobile,Paid Search,2024-03-24,18:59:22
2090,USER_9361,Desktop,Organic,2024-02-22,22:55:36
2091,USER_8298,Mobile,Organic,2024-04-21,04:12:49
2092,USER_1911,Tablet,Direct,2024-03-20,04:13:19
2093,USER_8429,Desktop,Social,2024-09-14,05:06:01
2094,USER_3161,Mobile,Organic,2024-04-23,17:38:54
2095,USER_9409,Desktop,Paid Search,2024-04-06,01:49:08
2096,USER_7806,Mobile,Social,2024-10-13,17:22:04
2097,USER_8484,Mobile,Email,2024-11-10,10:55:20
2098,USER_1945,Mobile,Organic,2024-12-19,07:42:13
2099,USER_8575,Mobile,Organic,2024-09-26,06:19:10
2100,USER_6049,Desktop,Email,2024-09-29,13:17:14
2101,USER_1356,Tablet,Organic,2024-12-30,06:49:22
2102,USER_7487,Mobile,Organic,2024-10-09,00:08:56
2103,USER_5169,Desktop,Direct,2024-12-25,14:07:53
2104,USER_1049,Mobile,Social,2024-02-28,12:01:28
2105,USER_4570,Mobile,Organic,2024-08-01,23:54:47
2106,USER_2196,Desktop,Organic,2024-08-23,06:24:03
2107,USER_1742,Tablet,Organic,2024-02-09,14:28:25
2108,USER_7941,Tablet,Organic,2024-02-29,06:13:49
2109,USER_6644,Desktop,Email,2024-03-08,12:37:52
2110,USER_2044,Tablet,Paid Search,2024-01-09,03:05:11
2111,USER_9866,Desktop,Social,2024-09-02,16:58:37
2112,USER_1987,Desktop,Direct,2024-06-27,23:33:07
2113,USER_2130,Desktop,Paid Search,2024-06-08,05:48:13
2114,USER_8734,Tablet,Organic,2024-12-19,03:31:47
2115,USER_1519,Mobile,Paid Search,2024-07-04,19:22:47
2116,USER_5703,Desktop,Direct,2024-03-12,10:26:12
2117,USER_7698,Mobile,Email,2024-08-14,06:05:51
2118,USER_3948,Mobile,Organic,2024-11-01,16:23:30
2119,USER_3218,Desktop,Social,2024-09-24,08:32:07
2120,USER_7887,Tablet,Social,2024-06-24,14:01:00
2121,USER_7135,Mobile,Direct,2024-03-29,12:51:26
2122,USER_7266,Mobile,Organic,2024-12-29,12:54:06
2123,USER_8348,Tablet,Paid Search,2024-06-04,11:23:19
2124,USER_7184,Mobile,Email,2024-01-15,02:27:54
2125,USER_7154,Tablet,Paid Search,2024-03-01,20:19:14
2126,USER_2314,Mobile,Paid Search,2024-04-23,22:05:41
2127,USER_9835,Mobile,Organic,2024-03-06,20:51:24
2128,USER_3178,Desktop,Organic,2024-12-21,15:01:17
2129,USER_6697,Tablet,Paid Search,2024-03-13,23:41:57
2130,USER_2943,Mobile,Direct,2024-12-18,10:02:09
2131,USER_3924,Desktop,Organic,2024-04-26,07:11:36
2132,USER_9802,Desktop,Paid Search,2024-06-06,00:08:33
2133,USER_7439,Mobile,Social,2024-03-05,04:08:44
2134,USER_9664,Mobile,Organic,2024-04-17,15:48:02
2135,USER_3086,Mobile,Paid Search,2024-03-07,01:38:51
2136,USER_4648,Tablet,Social,2024-02-10,06:55:47
2137,USER_1056,Desktop,Email,2024-08-05,21:18:23
2138,USER_1372,Mobile,Social,2024-12-19,19:26:52
2139,USER_5888,Desktop,Social,2024-02-27,05:26:11
2140,USER_8585,Tablet,Organic,2024-02-09,05:59:33
2141,USER_9920,Mobile,Direct,2024-01-10,04:47:51
2142,USER_7948,Mobile,Organic,2024-09-04,21:11:23
2143,USER_9715,Mobile,Email,2024-08-08,03:50:10
2144,USER_7214,Desktop,Organic,2024-01-22,00:31:13
2145,USER_4762,Mobile,Direct,2024-04-10,09:25:40
2146,USER_5055,Mobile,Social,2024-02-25,11:58:53
2147,USER_8546,Mobile,Email,2024-01-17,08:39:20
2148,USER_6671,Desktop,Organic,2024-12-03,00:50:01
2149,USER_3541,Mobile,Paid Search,2024-09-19,10:01:56
2150,USER_5516,Mobile,Social,2024-10-30,15:02:47
2151,USER_4088,Desktop,Email,2024-01-31,04:58:26
2152,USER_2848,Desktop,Organic,2024-08-28,01:34:24
2153,USER_1527,Mobile,Direct,2024-03-01,19:46:33
2154,USER_7868,Mobile,Email,2024-05-09,05:10:06
2155,USER_1256,Desktop,Organic,2024-01-23,00:22:57
2156,USER_4943,Desktop,Email,2024-02-03,07:05:26
2157,USER_4376,Desktop,Paid Search,2024-06-03,02:07:30
2158,USER_2102,Desktop,Paid Search,2024-12-07,14:26:54
2159,USER_2653,Mobile,Paid Search,2024-01-06,17:28:08
2160,USER_1550,Mobile,Social,2024-02-19,19:51:40
2161,USER_8314,Mobile,Social,2024-03-04,00:19:30
2162,USER_1797,Mobile,Paid Search,2024-11-04,15:57:57
2163,USER_5009,Desktop,Social,2024-04-15,08:08:20
2164,USER_1724,Mobile,Social,2024-10-27,21:34:23
2165,USER_7590,Mobile,Social,2024-04-12,19:42:45
2166,USER_8191,Tablet,Organic,2024-04-04,03:30:31
2167,USER_4839,Mobile,Email,2024-12-09,23:53:54
2168,USER_9843,Desktop,Paid Search,2024-06-28,18:12:08
2169,USER_4559,Mobile,Organic,2024-01-15,07:32:08
2170,USER_1924,Desktop,Organic,2024-02-16,04:14:42
2171,USER_3295,Mobile,Paid Search,2024-03-15,02:47:06
2172,USER_9255,Desktop,Email,2024-05-22,22:25:18
2173,USER_5739,Desktop,Paid Search,2024-10-23,19:06:15
2174,USER_4836,Tablet,Social,2024-06-27,07:16:11
2175,USER_6224,Desktop,Organic,2024-06-29,23:42:19
2176,USER_6253,Mobile,Paid Search,2024-03-23,10:45:29
2177,USER_4881,Desktop,Direct,2024-09-13,21:37:33
2178,USER_5944,Mobile,Email,2024-11-09,16:36:56
2179,USER_3347,Mobile,Organic,2024-05-03,08:48:57
2180,USER_9540,Mobile,Paid Search,2024-09-15,04:20:27
2181,USER_4621,Desktop,Organic,2024-10-18,11:42:09
2182,USER_7775,Desktop,Paid Search,2024-02-04,18:47:59
2183,USER_5923,Desktop,Email,2024-02-20,01:47:57
2184,USER_5508,Desktop,Email,2024-10-23,12:40:03
2185,USER_1998,Mobile,Organic,2024-01-08,06:11:00
2186,USER_3869,Tablet,Direct,2024-09-27,04:40:02
2187,USER_7999,Tablet,Social,2024-04-21,07:10:25
2188,USER_9120,Mobile,Paid Search,2024-04-08,10:00:36
2189,USER_1768,Mobile,Paid Search,2024-05-24,15:30:54
2190,USER_6642,Mobile,Social,2024-03-28,11:12:40
2191,USER_7244,Desktop,Social,2024-10-02,18:25:28
2192,USER_9592,Tablet,Paid Search,2024-01-03,06:29:39
2193,USER_6222,Mobile,Paid Search,2024-02-20,08:34:28
2194,USER_7821,Mobile,Organic,2024-04-19,03:47:17
2195,USER_7688,Desktop,Email,2024-09-15,20:49:32
2196,USER_3444,Mobile,Paid Search,2024-12-28,10:21:57
2197,USER_5913,Mobile,Organic,2024-08-31,05:16:21
2198,USER_7167,Tablet,Email,2024-07-06,15:49:35
2199,USER_4012,Mobile,Direct,2024-12-23,14:42:06
2200,USER_9813,Desktop,Direct,2024-10-28,21:54:21
2201,USER_8758,Tablet,Paid Search,2024-04-04,16:16:04
2202,USER_4948,Desktop,Organic,2024-08-13,11:27:41
2203,USER_4692,Mobile,Paid Search,2024-12-10,00:34:08
2204,USER_5927,Desktop,Organic,2024-02-24,03:14:29
2205,USER_3365,Mobile,Direct,2024-04-02,03:07:35
2206,USER_8586,Tablet,Organic,2024-06-30,22:18:08
2207,USER_1944,Desktop,Organic,2024-07-13,11:19:28
2208,USER_7761,Tablet,Paid Search,2024-08-05,13:35:05
2209,USER_7824,Desktop,Paid Search,2024-04-19,16:11:25
2210,USER_9683,Tablet,Email,2024-09-20,16:12:09
2211,USER_3196,Mobile,Paid Search,2024-04-26,21:14:49
2212,USER_7363,Mobile,Organic,2024-07-27,00:12:46
2213,USER_4978,Desktop,Organic,2024-02-27,23:22:33
2214,USER_5177,Tablet,Paid Search,2024-06-09,19:49:09
2215,USER_4331,Mobile,Organic,2024-03-04,18:55:33
2216,USER_6411,Desktop,Social,2024-08-26,16:03:51
2217,USER_2295,Mobile,Social,2024-02-26,17:23:34
2218,USER_8369,Desktop,Social,2024-09-23,07:44:33
2219,USER_7079,Tablet,Direct,2024-03-10,05:23:10
2220,USER_2514,Desktop,Direct,2024-09-10,03:43:10
2221,USER_9775,Mobile,Direct,2024-07-03,20:40:54
2222,USER_4120,Mobile,Organic,2024-12-26,19:14:53
2223,USER_1844,Desktop,Organic,2024-05-27,22:09:34
2224,USER_5398,Desktop,Paid Search,2024-10-12,19:27:54
2225,USER_7179,Desktop,Email,2024-01-21,06:17:03
2226,USER_1647,Mobile,Direct,2024-02-12,12:18:24
2227,USER_2192,Desktop,Email,2024-06-16,16:26:57
2228,USER_4082,Mobile,Organic,2024-09-09,15:29:20
2229,USER_4555,Desktop,Direct,2024-02-29,04:46:19
2230,USER_8854,Desktop,Paid Search,2024-07-16,00:04:16
2231,USER_4422,Mobile,Organic,2024-05-25,22:35:42
2232,USER_6455,Desktop,Paid Search,2024-08-21,09:13:59
2233,USER_5967,Tablet,Organic,2024-11-03,23:39:38
2234,USER_1251,Tablet,Paid Search,2024-06-08,02:03:48
2235,USER_4470,Mobile,Paid Search,2024-12-17,13:08:09
2236,USER_4113,Mobile,Paid Search,2024-08-15,15:52:10
2237,USER_2922,Tablet,Social,2024-04-25,07:25:50
2238,USER_8846,Desktop,Email,2024-10-10,05:41:26
2239,USER_4974,Desktop,Social,2024-07-27,12:37:12
2240,USER_4350,Desktop,Paid Search,2024-05-28,07:53:22
2241,USER_7498,Mobile,Email,2024-08-07,02:14:17
2242,USER_4921,Desktop,Direct,2024-04-06,04:57:25
2243,USER_6269,Mobile,Organic,2024-02-05,03:46:47
2244,USER_5637,Tablet,Paid Search,2024-08-31,18:43:09
2245,USER_7236,Tablet,Organic,2024-12-13,06:28:09
2246,USER_8639,Mobile,Organic,2024-07-07,21:17:48
2247,USER_9743,Desktop,Social,2024-04-01,10:00:40
2248,USER_6886,Mobile,Email,2024-01-07,03:33:19
2249,USER_6053,Mobile,Organic,2024-12-11,16:06:49
2250,USER_5285,Desktop,Email,2024-09-08,20:38:30
2251,USER_6892,Desktop,Email,2024-12-10,07:42:28
2252,USER_9401,Tablet,Direct,2024-02-23,09:52:07
2253,USER_9147,Mobile,Organic,2024-07-21,17:47:39
2254,USER_8635,Mobile,Direct,2024-08-12,14:09:04
2255,USER_2615,Tablet,Paid Search,2024-09-24,23:21:56
2256,USER_8692,Mobile,Social,2024-12-03,08:02:24
2257,USER_6246,Mobile,Organic,2024-12-12,08:07:40
2258,USER_4328,Mobile,Organic,2024-02-13,14:27:37
2259,USER_7073,Desktop,Social,2024-03-02,05:56:45
2260,USER_6126,Mobile,Paid Search,2024-03-14,22:55:50
2261,USER_7781,Mobile,Organic,2024-07-21,15:48:18
2262,USER_1749,Mobile,Organic,2024-07-24,07:33:06
2263,USER_4625,Tablet,Social,2024-12-21,02:46:38
2264,USER_3390,Mobile,Organic,2024-10-29,19:55:23
2265,USER_1265,Mobile,Email,2024-02-22,07:55:54
2266,USER_5272,Mobile,Organic,2024-03-27,21:31:53
2267,USER_7841,Mobile,Organic,2024-02-03,22:27:26
2268,USER_5836,Mobile,Paid Search,2024-07-05,01:40:06
2269,USER_3497,Desktop,Paid Search,2024-04-11,08:53:46
2270,USER_4214,Mobile,Paid Search,2024-06-22,23:17:57
2271,USER_6404,Desktop,Paid Search,2024-04-12,08:40:32
2272,USER_4768,Desktop,Direct,2024-10-31,10:26:42
2273,USER_7223,Mobile,Social,2024-07-25,08:22:05
2274,USER_5026,Mobile,Organic,2024-03-03,00:06:45
2275,USER_9180,Tablet,Paid Search,2024-04-29,15:15:37
2276,USER_6530,Mobile,Email,2024-08-05,15:14:37
2277,USER_5216,Mobile,Paid Search,2024-09-12,13:42:17
2278,USER_9005,Mobile,Organic,2024-05-22,03:49:52
2279,USER_9037,Mobile,Email,2024-12-31,22:31:35
2280,USER_8550,Desktop,Social,2024-10-24,19:53:36
2281,USER_3756,Desktop,Social,2024-10-30,12:38:33
2282,USER_6770,Desktop,Organic,2024-05-19,21:24:02
2283,USER_3773,Mobile,Organic,2024-11-25,19:06:37
2284,USER_3293,Desktop,Social,2024-07-23,20:06:36
2285,USER_9954,Desktop,Organic,2024-07-01,03:07:48
2286,USER_9000,Desktop,Paid Search,2024-08-31,07:23:37
2287,USER_4015,Tablet,Paid Search,2024-12-07,21:45:57
2288,USER_9882,Desktop,Organic,2024-11-04,19:26:52
2289,USER_1962,Mobile,Direct,2024-07-26,12:45:47
2290,USER_9584,Desktop,Email,2024-09-05,01:22:41
2291,USER_1554,Mobile,Social,2024-09-18,14:54:29
2292,USER_2217,Desktop,Organic,2024-05-22,18:55:33
2293,USER_1794,Desktop,Organic,2024-03-16,01:25:52
2294,USER_1104,Mobile,Paid Search,2024-08-20,20:47:49
2295,USER_7756,Desktop,Organic,2024-02-25,13:42:58
2296,USER_3252,Desktop,Direct,2024-03-03,00:13:36
2297,USER_4791,Desktop,Organic,2024-05-08,05:01:40
2298,USER_2113,Desktop,Paid Search,2024-09-07,10:06:18
2299,USER_3474,Desktop,Paid Search,2024-09-11,13:51:01
2300,USER_1149,Desktop,Social,2024-04-28,23:29:54
2301,USER_4583,Mobile,Organic,2024-11-17,08:22:52
2302,USER_9285,Mobile,Paid Search,2024-03-09,21:22:22
2303,USER_8471,Mobile,Organic,2024-01-16,07:17:28
2304,USER_7114,Desktop,Email,2024-02-20,01:20:29
2305,USER_1990,Tablet,Organic,2024-01-28,22:40:16
2306,USER_8916,Desktop,Direct,2024-02-04,05:13:35
2307,USER_8993,Desktop,Email,2024-09-12,17:41:20
2308,USER_1257,Mobile,Organic,2024-12-13,23:25:48
2309,USER_1108,Desktop,Email,2024-01-14,11:49:52
2310,USER_9719,Desktop,Organic,2024-04-01,05:54:31
2311,USER_7739,Mobile,Direct,2024-07-14,02:21:22
2312,USER_1194,Tablet,Paid Search,2024-11-05,19:34:47
2313,USER_1274,Mobile,Paid Search,2024-12-13,07:20:53
2314,USER_9673,Mobile,Paid Search,2024-06-16,09:06:58
2315,USER_5501,Tablet,Organic,2024-03-19,23:05:40
2316,USER_9777,Desktop,Direct,2024-06-04,12:20:39
2317,USER_5697,Desktop,Organic,2024-11-14,15:40:11
2318,USER_1280,Desktop,Social,2024-11-15,12:12:16
2319,USER_9228,Mobile,Paid Search,2024-02-19,22:31:22
2320,USER_8054,Mobile,Direct,2024-02-09,10:51:28
2321,USER_3937,Tablet,Organic,2024-12-04,11:48:10
2322,USER_2753,Mobile,Paid Search,2024-09-23,05:20:01
2323,USER_2578,Mobile,Paid Search,2024-09-09,03:12:37
2324,USER_9591,Desktop,Social,2024-08-26,09:58:32
2325,USER_3439,Mobile,Organic,2024-04-13,22:41:35
2326,USER_4948,Tablet,Organic,2024-05-30,09:48:35
2327,USER_4144,Mobile,Organic,2024-12-04,17:11:25
2328,USER_9625,Desktop,Social,2024-09-11,19:44:04
2329,USER_5135,Mobile,Organic,2024-09-08,06:05:05
2330,USER_6807,Desktop,Social,2024-09-15,22:38:58
2331,USER_5379,Desktop,Organic,2024-05-13,21:25:54
2332,USER_7502,Desktop,Email,2024-10-04,08:09:45
2333,USER_2294,Mobile,Direct,2024-06-24,10:34:22
2334,USER_7112,Mobile,Paid Search,2024-10-03,12:08:58
2335,USER_7652,Desktop,Paid Search,2024-10-06,12:06:54
2336,USER_8520,Desktop,Organic,2024-01-10,23:52:56
2337,USER_4984,Mobile,Organic,2024-01-17,09:39:36
2338,USER_4700,Desktop,Organic,2024-08-08,02:20:14
2339,USER_5914,Desktop,Social,2024-03-01,14:52:02
2340,USER_2320,Mobile,Paid Search,2024-07-15,07:35:09
2341,USER_1519,Mobile,Direct,2024-08-18,21:17:01
2342,USER_2531,Desktop,Paid Search,2024-06-10,15:14:53
2343,USER_7640,Desktop,Social,2024-07-11,22:14:15
2344,USER_7213,Desktop,Paid Search,2024-08-14,07:28:41
2345,USER_7179,Tablet,Paid Search,2024-08-23,06:09:00
2346,USER_8798,Mobile,Organic,2024-01-19,09:15:01
2347,USER_1919,Mobile,Paid Search,2024-01-17,19:30:53
2348,USER_1154,Desktop,Paid Search,2024-03-31,14:26:35
2349,USER_3807,Mobile,Social,2024-10-12,17:36:12
2350,USER_2354,Desktop,Direct,2024-12-03,13:11:54
2351,USER_9189,Mobile,Paid Search,2024-06-04,16:37:25
2352,USER_8109,Tablet,Organic,2024-12-27,20:36:56
2353,USER_6427,Mobile,Paid Search,2024-03-25,12:47:16
2354,USER_2562,Tablet,Paid Search,2024-09-08,22:50:23
2355,USER_9653,Mobile,Organic,2024-08-08,08:27:23
2356,USER_1697,Desktop,Email,2024-03-09,11:57:59
2357,USER_4764,Tablet,Direct,2024-06-08,07:20:34
2358,USER_4463,Desktop,Direct,2024-07-18,11:04:44
2359,USER_8790,Mobile,Organic,2024-09-06,04:20:55
2360,USER_5441,Desktop,Email,2024-02-26,22:15:50
2361,USER_1762,Desktop,Social,2024-10-18,17:37:08
2362,USER_2218,Mobile,Paid Search,2024-12-11,03:58:50
2363,USER_5593,Desktop,Paid Search,2024-09-08,16:45:30
2364,USER_9897,Mobile,Email,2024-12-03,17:20:06
2365,USER_1539,Mobile,Paid Search,2024-10-10,19:14:46
2366,USER_3938,Desktop,Paid Search,2024-12-16,11:45:44
2367,USER_6152,Desktop,Paid Search,2024-10-03,20:35:52
2368,USER_1256,Mobile,Social,2024-10-19,07:29:17
2369,USER_4394,Desktop,Organic,2024-08-28,18:53:03
2370,USER_3362,Mobile,Direct,2024-08-31,14:39:28
2371,USER_7525,Mobile,Social,2024-10-14,15:37:27
2372,USER_2260,Mobile,Social,2024-03-21,02:10:01
2373,USER_5903,Mobile,Organic,2024-09-16,17:28:35
2374,USER_3661,Mobile,Social,2024-01-29,20:03:57
2375,USER_4939,Mobile,Organic,2024-07-19,11:30:55
2376,USER_7375,Desktop,Organic,2024-05-14,22:09:04
2377,USER_9856,Desktop,Paid Search,2024-09-10,21:22:04
2378,USER_6435,Mobile,Paid Search,2024-10-29,23:17:36
2379,USER_7288,Mobile,Social,2024-07-12,08:57:46
2380,USER_3292,Mobile,Organic,2024-11-11,00:45:38
2381,USER_2284,Mobile,Paid Search,2024-12-12,15:27:45
2382,USER_9204,Tablet,Organic,2024-06-29,04:25:13
2383,USER_6666,Tablet,Direct,2024-05-25,21:28:19
2384,USER_1879,Mobile,Social,2024-06-13,17:44:43
2385,USER_2600,Desktop,Social,2024-02-01,09:21:14
2386,USER_8161,Mobile,Paid Search,2024-01-15,18:51:56
2387,USER_4803,Desktop,Organic,2024-10-29,16:26:09
2388,USER_2245,Mobile,Direct,2024-01-24,17:43:37
2389,USER_6580,Mobile,Organic,2024-03-06,10:55:00
2390,USER_7499,Mobile,Paid Search,2024-07-06,19:03:45
2391,USER_6347,Desktop,Social,2024-06-27,11:37:07
2392,USER_1485,Desktop,Organic,2024-10-25,02:39:04
2393,USER_5478,Mobile,Email,2024-01-14,16:26:46
2394,USER_8381,Desktop,Paid Search,2024-11-16,05:46:12
2395,USER_9038,Tablet,Organic,2024-06-23,07:38:49
2396,USER_4737,Desktop,Organic,2024-07-13,05:53:11
2397,USER_6829,Desktop,Organic,2024-02-19,00:41:59
2398,USER_7150,Desktop,Email,2024-08-07,15:46:07
2399,USER_8075,Mobile,Social,2024-06-25,10:05:06
2400,USER_4043,Mobile,Organic,2024-07-01,12:36:44
2401,USER_7227,Desktop,Organic,2024-07-29,21:24:51
2402,USER_2404,Desktop,Social,2024-06-28,13:24:44
2403,USER_5839,Mobile,Social,2024-01-29,15:08:54
2404,USER_5037,Desktop,Paid Search,2024-12-04,10:11:06
2405,USER_2204,Mobile,Paid Search,2024-05-05,09:22:11
2406,USER_2344,Mobile,Organic,2024-05-06,22:27:56
2407,USER_5390,Desktop,Social,2024-04-30,08:31:05
2408,USER_3526,Desktop,Direct,2024-11-27,05:16:25
2409,USER_7225,Tablet,Organic,2024-06-08,06:14:22
2410,USER_3527,Mobile,Social,2024-10-30,20:40:05
2411,USER_7383,Mobile,Paid Search,2024-02-13,10:28:48
2412,USER_6188,Desktop,Paid Search,2024-12-18,03:33:16
2413,USER_6909,Mobile,Organic,2024-02-03,00:56:38
2414,USER_2745,Desktop,Email,2024-06-05,01:35:03
2415,USER_2499,Mobile,Paid Search,2024-02-28,21:23:06
2416,USER_1085,Tablet,Paid Search,2024-06-21,05:00:33
2417,USER_6050,Desktop,Paid Search,2024-03-27,00:00:20
2418,USER_8286,Desktop,Organic,2024-01-11,12:19:01
2419,USER_6896,Desktop,Organic,2024-10-02,18:36:23
2420,USER_5419,Desktop,Social,2024-06-15,02:11:12
2421,USER_2674,Desktop,Organic,2024-01-20,20:39:31
2422,USER_3170,Desktop,Social,2024-08-23,05:34:13
2423,USER_2430,Mobile,Paid Search,2024-12-02,11:06:55
2424,USER_4070,Mobile,Paid Search,2024-08-04,21:58:09
2425,USER_8061,Desktop,Paid Search,2024-10-17,19:23:36
2426,USER_8353,Tablet,Paid Search,2024-09-20,05:57:28
2427,USER_9395,Desktop,Organic,2024-08-03,22:54:56
2428,USER_7685,Tablet,Paid Search,2024-05-16,05:32:09
2429,USER_2692,Desktop,Social,2024-01-11,14:01:39
2430,USER_1430,Tablet,Social,2024-12-22,01:59:34
2431,USER_2468,Mobile,Organic,2024-08-28,03:51:59
2432,USER_6798,Mobile,Paid Search,2024-10-28,09:59:18
2433,USER_2524,Tablet,Organic,2024-01-12,03:22:43
2434,USER_6315,Desktop,Organic,2024-06-11,05:37:33
2435,USER_7311,Tablet,Organic,2024-07-12,05:57:06
2436,USER_1202,Desktop,Email,2024-10-19,15:12:38
2437,USER_5781,Desktop,Organic,2024-07-18,04:39:58
2438,USER_7779,Desktop,Organic,2024-06-14,10:29:59
2439,USER_7353,Mobile,Organic,2024-10-20,21:35:53
2440,USER_2387,Desktop,Organic,2024-02-20,12:50:28
2441,USER_4977,Mobile,Social,2024-09-07,03:42:35
2442,USER_9537,Mobile,Organic,2024-02-21,02:21:15
2443,USER_3778,Mobile,Organic,2024-12-19,11:09:15
2444,USER_7237,Mobile,Social,2024-12-11,15:12:50
2445,USER_3777,Mobile,Paid Search,2024-04-15,12:02:22
2446,USER_3274,Desktop,Social,2024-06-21,01:58:58
2447,USER_5405,Desktop,Social,2024-09-11,15:51:53
2448,USER_5933,Desktop,Organic,2024-09-14,21:45:48
2449,USER_5397,Desktop,Social,2024-12-07,18:06:54
2450,USER_9079,Desktop,Organic,2024-06-22,16:05:42
2451,USER_3390,Desktop,Paid Search,2024-03-26,20:20:58
2452,USER_2036,Tablet,Paid Search,2024-11-10,16:36:36
2453,USER_3739,Mobile,Organic,2024-06-02,22:34:33
2454,USER_8121,Desktop,Social,2024-07-05,12:48:34
2455,USER_5521,Mobile,Email,2024-08-11,20:12:18
2456,USER_7899,Desktop,Direct,2024-04-13,10:08:28
2457,USER_5911,Mobile,Social,2024-09-11,06:18:40
2458,USER_8933,Mobile,Paid Search,2024-11-21,13:25:27
2459,USER_2260,Mobile,Organic,2024-02-08,12:05:31
2460,USER_6916,Mobile,Organic,2024-10-01,00:31:06
2461,USER_5123,Tablet,Paid Search,2024-04-19,10:35:30
2462,USER_5040,Tablet,Paid Search,2024-05-27,19:24:19
2463,USER_9123,Mobile,Direct,2024-05-15,15:50:49
2464,USER_4203,Mobile,Paid Search,2024-01-25,09:49:43
2465,USER_8501,Mobile,Paid Search,2024-06-01,22:03:33
2466,USER_2752,Desktop,Paid Search,2024-10-20,01:12:05
2467,USER_3219,Desktop,Email,2024-07-24,09:57:37
2468,USER_5991,Desktop,Social,2024-04-25,23:57:36
2469,USER_1110,Mobile,Social,2024-11-15,17:11:41
2470,USER_7483,Mobile,Paid Search,2024-02-17,10:47:03
2471,USER_6443,Desktop,Email,2024-10-23,17:01:03
2472,USER_7224,Tablet,Organic,2024-02-18,09:24:12
2473,USER_6399,Tablet,Email,2024-10-30,11:34:03
2474,USER_8212,Mobile,Paid Search,2024-06-21,21:55:27
2475,USER_6484,Mobile,Paid Search,2024-05-19,23:32:33
2476,USER_8055,Tablet,Paid Search,2024-02-04,05:32:23
2477,USER_3230,Desktop,Social,2024-10-17,21:44:02
2478,USER_5922,Mobile,Organic,2024-09-28,06:06:29
2479,USER_6253,Desktop,Email,2024-08-31,05:57:14
2480,USER_4290,Mobile,Paid Search,2024-08-06,22:20:04
2481,USER_8848,Desktop,Paid Search,2024-04-17,22:13:31
2482,USER_6147,Tablet,Organic,2024-06-26,06:36:40
2483,USER_3910,Tablet,Paid Search,2024-02-09,19:00:02
2484,USER_7524,Desktop,Paid Search,2024-11-29,12:13:57
2485,USER_6228,Mobile,Paid Search,2024-06-03,22:07:59
2486,USER_5775,Tablet,Social,2024-09-15,09:00:57
2487,USER_9044,Mobile,Paid Search,2024-06-02,07:42:52
2488,USER_4971,Tablet,Direct,2024-08-09,10:11:24
2489,USER_6339,Mobile,Social,2024-12-05,07:23:58
2490,USER_7161,Desktop,Email,2024-10-03,12:02:09
2491,USER_5592,Desktop,Organic,2024-06-09,04:38:15
2492,USER_7437,Desktop,Paid Search,2024-04-12,19:42:16
2493,USER_6980,Mobile,Paid Search,2024-07-31,13:43:36
2494,USER_2865,Desktop,Social,2024-07-24,22:55:57
2495,USER_4273,Mobile,Email,2024-05-08,20:19:13
2496,USER_9939,Mobile,Organic,2024-11-15,20:47:58
2497,USER_3947,Mobile,Organic,2024-09-20,08:26:44
2498,USER_1440,Tablet,Email,2024-08-20,00:26:52
2499,USER_8563,Tablet,Organic,2024-12-09,13:24:17
2500,USER_4434,Mobile,Social,2024-10-07,06:52:49
2501,USER_8183,Mobile,Paid Search,2024-04-02,15:16:38
2502,USER_5773,Mobile,Email,2024-01-10,00:40:44
2503,USER_2133,Mobile,Organic,2024-11-17,12:02:44
2504,USER_7703,Tablet,Organic,2024-12-26,14:08:42
2505,USER_9180,Desktop,Social,2024-09-21,22:14:04
2506,USER_3280,Desktop,Direct,2024-04-05,20:07:07
2507,USER_5961,Tablet,Paid Search,2024-10-22,05:57:50
2508,USER_4965,Mobile,Paid Search,2024-09-12,15:04:11
2509,USER_5139,Mobile,Social,2024-04-19,17:20:10
2510,USER_3525,Tablet,Direct,2024-12-04,23:16:43
2511,USER_7932,Desktop,Email,2024-08-27,22:59:44
2512,USER_7176,Tablet,Direct,2024-05-17,12:18:34
2513,USER_2211,Mobile,Organic,2024-11-22,09:18:54
2514,USER_8357,Mobile,Organic,2024-09-29,18:16:06
2515,USER_8851,Mobile,Social,2024-11-10,03:25:52
2516,USER_7566,Tablet,Email,2024-08-10,06:05:35
2517,USER_9755,Desktop,Organic,2024-10-16,15:12:08
2518,USER_9300,Mobile,Organic,2024-11-16,16:02:30
2519,USER_7853,Mobile,Email,2024-01-31,15:06:07
2520,USER_9907,Mobile,Organic,2024-09-24,07:02:53
2521,USER_1602,Mobile,Paid Search,2024-04-12,12:11:05
2522,USER_6890,Desktop,Paid Search,2024-07-05,22:51:04
2523,USER_9796,Desktop,Social,2024-08-24,07:27:39
2524,USER_2392,Desktop,Social,2024-03-16,11:28:47
2525,USER_2791,Mobile,Paid Search,2024-05-03,04:28:38
2526,USER_5067,Desktop,Social,2024-03-18,01:42:59
2527,USER_6816,Desktop,Social,2024-12-16,16:49:12
2528,USER_3725,Tablet,Paid Search,2024-06-02,06:46:20
2529,USER_1725,Desktop,Social,2024-08-10,01:36:00
2530,USER_7547,Tablet,Organic,2024-07-29,04:21:55
2531,USER_6432,Mobile,Organic,2024-06-12,08:58:11
2532,USER_8052,Mobile,Organic,2024-02-02,11:29:12
2533,USER_2735,Desktop,Organic,2024-11-20,20:03:25
2534,USER_1172,Desktop,Paid Search,2024-04-14,12:09:18
2535,USER_2615,Mobile,Email,2024-07-30,16:04:14
2536,USER_5239,Mobile,Social,2024-05-16,05:40:12
2537,USER_4637,Mobile,Email,2024-05-26,10:42:46
2538,USER_9366,Desktop,Paid Search,2024-11-26,14:01:55
2539,USER_9499,Mobile,Paid Search,2024-03-23,14:04:53
2540,USER_4621,Mobile,Paid Search,2024-05-11,07:38:33
2541,USER_8303,Mobile,Organic,2024-12-17,09:35:10
2542,USER_7129,Mobile,Organic,2024-11-03,04:35:20
2543,USER_7408,Mobile,Social,2024-04-30,01:07:43
2544,USER_8586,Mobile,Direct,2024-07-26,02:26:33
2545,USER_9199,Desktop,Organic,2024-05-02,17:01:39
2546,USER_3469,Mobile,Organic,2024-02-28,23:10:46
2547,USER_6651,Desktop,Email,2024-03-17,10:23:02
2548,USER_1402,Mobile,Organic,2024-04-08,04:57:06
2549,USER_8909,Mobile,Email,2024-01-15,21:14:00
2550,USER_2712,Desktop,Social,2024-05-05,12:00:36
2551,USER_5840,Desktop,Direct,2024-06-07,01:52:24
2552,USER_7815,Desktop,Paid Search,2024-08-25,18:07:54
2553,USER_2406,Mobile,Social,2024-09-05,07:48:40
2554,USER_2901,Tablet,Paid Search,2024-10-13,01:36:34
2555,USER_3321,Desktop,Social,2024-08-11,02:01:41
2556,USER_6707,Tablet,Paid Search,2024-08-04,15:59:36
2557,USER_6110,Mobile,Organic,2024-11-27,20:24:18
2558,USER_6620,Desktop,Paid Search,2024-01-19,21:39:24
2559,USER_8460,Desktop,Paid Search,2024-04-13,14:58:47
2560,USER_4389,Mobile,Email,2024-03-22,07:43:31
2561,USER_9537,Mobile,Social,2024-05-19,19:16:22
2562,USER_8912,Mobile,Social,2024-03-10,20:29:30
2563,USER_6706,Desktop,Organic,2024-01-15,04:29:34
2564,USER_8801,Desktop,Social,2024-05-12,11:14:09
2565,USER_2599,Mobile,Paid Search,2024-05-22,09:40:46
2566,USER_8178,Desktop,Email,2024-12-03,05:24:16
2567,USER_8412,Desktop,Direct,2024-10-08,05:23:47
2568,USER_6225,Desktop,Organic,2024-03-31,00:27:51
2569,USER_2100,Mobile,Email,2024-11-25,09:09:02
2570,USER_5919,Tablet,Organic,2024-01-22,14:26:45
2571,USER_1732,Mobile,Paid Search,2024-09-05,17:54:14
2572,USER_2885,Tablet,Paid Search,2024-01-11,12:08:53
2573,USER_1370,Desktop,Organic,2024-01-29,20:22:13
2574,USER_6620,Mobile,Social,2024-02-12,12:26:56
2575,USER_2791,Desktop,Organic,2024-06-09,13:29:46
2576,USER_3692,Mobile,Organic,2024-11-04,14:28:24
2577,USER_4996,Tablet,Social,2024-06-01,14:23:21
2578,USER_9454,Mobile,Social,2024-02-02,10:42:25
2579,USER_3858,Desktop,Direct,2024-07-27,04:46:33
2580,USER_3623,Mobile,Social,2024-07-05,06:15:13
2581,USER_6422,Desktop,Social,2024-12-09,22:12:36
2582,USER_7985,Tablet,Paid Search,2024-12-02,06:55:46
2583,USER_8570,Mobile,Organic,2024-02-16,21:50:39
2584,USER_4798,Mobile,Organic,2024-07-22,11:57:29
2585,USER_7636,Mobile,Paid Search,2024-03-12,17:55:48
2586,USER_4022,Mobile,Social,2024-04-30,13:23:41
2587,USER_4053,Desktop,Paid Search,2024-02-27,09:13:25
2588,USER_8080,Mobile,Social,2024-10-19,04:30:06
2589,USER_7481,Desktop,Paid Search,2024-09-13,17:41:28
2590,USER_1478,Mobile,Organic,2024-03-02,09:57:53
2591,USER_4232,Mobile,Organic,2024-09-24,19:26:03
2592,USER_8365,Mobile,Email,2024-12-06,06:13:21
2593,USER_8037,Mobile,Social,2024-10-24,17:56:10
2594,USER_7370,Mobile,Email,2024-09-25,21:24:59
2595,USER_1072,Desktop,Organic,2024-05-08,16:27:11
2596,USER_4519,Mobile,Direct,2024-09-11,14:01:44
2597,USER_4371,Desktop,Organic,2024-02-16,06:24:36
2598,USER_5560,Mobile,Organic,2024-05-01,21:11:17
2599,USER_2025,Desktop,Direct,2024-11-03,23:43:36
2600,USER_2667,Desktop,Organic,2024-03-03,04:41:25
2601,USER_9796,Mobile,Social,2024-06-09,18:50:51
2602,USER_4063,Desktop,Organic,2024-06-17,06:09:26
2603,USER_6993,Mobile,Social,2024-10-26,10:29:15
2604,USER_6340,Desktop,Direct,2024-07-18,23:08:48
2605,USER_4228,Desktop,Paid Search,2024-04-30,15:20:39
2606,USER_8496,Mobile,Social,2024-08-04,19:33:47
2607,USER_2867,Desktop,Organic,2024-04-21,20:56:02
2608,USER_5298,Desktop,Social,2024-03-14,21:06:50
2609,USER_9019,Mobile,Paid Search,2024-02-24,02:05:01
2610,USER_9646,Desktop,Organic,2024-03-30,00:58:55
2611,USER_6134,Mobile,Paid Search,2024-04-19,01:21:54
2612,USER_7367,Desktop,Organic,2024-05-20,02:20:59
2613,USER_7431,Desktop,Direct,2024-08-13,11:12:47
2614,USER_2871,Mobile,Paid Search,2024-07-28,04:13:19
2615,USER_6700,Desktop,Organic,2024-05-10,02:23:39
2616,USER_6766,Desktop,Paid Search,2024-10-28,10:37:57
2617,USER_8501,Desktop,Paid Search,2024-01-29,14:30:21
2618,USER_3826,Desktop,Social,2024-09-08,22:11:18
2619,USER_5873,Mobile,Direct,2024-09-30,09:06:51
2620,USER_2388,Desktop,Paid Search,2024-07-10,17:10:57
2621,USER_3194,Mobile,Email,2024-12-24,04:10:26
2622,USER_6131,Tablet,Social,2024-02-27,03:34:58
2623,USER_2931,Mobile,Organic,2024-06-11,19:26:10
2624,USER_4908,Tablet,Social,2024-10-06,17:35:40
2625,USER_6003,Desktop,Paid Search,2024-08-04,15:44:17
2626,USER_2916,Tablet,Social,2024-08-31,22:54:57
2627,USER_3999,Desktop,Email,2024-12-15,07:07:42
2628,USER_7116,Mobile,Paid Search,2024-05-06,04:58:28
2629,USER_3316,Mobile,Direct,2024-05-22,03:48:02
2630,USER_9369,Desktop,Email,2024-03-15,04:56:24
2631,USER_7364,Mobile,Paid Search,2024-07-04,15:24:30
2632,USER_7852,Mobile,Social,2024-08-31,05:49:01
2633,USER_3258,Desktop,Paid Search,2024-07-07,18:44:52
2634,USER_7286,Desktop,Direct,2024-06-06,11:59:28
2635,USER_7931,Mobile,Social,2024-01-11,18:36:11
2636,USER_4043,Mobile,Organic,2024-11-26,14:57:01
2637,USER_8973,Tablet,Paid Search,2024-11-06,15:42:36
2638,USER_9804,Mobile,Social,2024-01-18,11:56:21
2639,USER_3838,Tablet,Organic,2024-12-05,02:56:23
2640,USER_3733,Mobile,Organic,2024-01-28,02:11:08
2641,USER_9022,Desktop,Paid Search,2024-12-19,19:19:43
2642,USER_5732,Desktop,Paid Search,2024-12-09,12:58:09
2643,USER_3298,Mobile,Paid Search,2024-05-02,03:59:50
2644,USER_4065,Mobile,Organic,2024-05-09,21:12:40
2645,USER_6154,Desktop,Organic,2024-10-09,10:18:45
2646,USER_8389,Desktop,Social,2024-07-15,02:22:38
2647,USER_1878,Tablet,Paid Search,2024-06-07,15:01:39
2648,USER_6882,Mobile,Organic,2024-11-23,18:26:10
2649,USER_1157,Mobile,Paid Search,2024-12-24,11:54:16
2650,USER_8939,Mobile,Social,2024-07-04,06:32:17
2651,USER_3236,Desktop,Organic,2024-12-16,16:57:58
2652,USER_4196,Desktop,Organic,2024-03-03,00:31:20
2653,USER_7290,Desktop,Organic,2024-09-30,05:03:41
2654,USER_9281,Desktop,Email,2024-05-01,07:44:19
2655,USER_9109,Mobile,Email,2024-08-14,08:28:27
2656,USER_7703,Mobile,Email,2024-07-17,10:02:17
2657,USER_9056,Mobile,Social,2024-01-05,23:48:42
2658,USER_7809,Tablet,Social,2024-07-20,14:42:05
2659,USER_8272,Desktop,Paid Search,2024-05-10,10:35:02
2660,USER_9006,Mobile,Social,2024-06-03,04:55:59
2661,USER_3740,Mobile,Organic,2024-02-16,19:00:47
2662,USER_2354,Tablet,Social,2024-04-30,18:01:19
2663,USER_1505,Desktop,Email,2024-06-01,12:12:57
2664,USER_4613,Mobile,Paid Search,2024-04-17,15:24:24
2665,USER_5785,Mobile,Paid Search,2024-03-23,01:44:43
2666,USER_1535,Desktop,Organic,2024-08-12,08:44:24
2667,USER_5503,Desktop,Social,2024-11-19,10:23:51
2668,USER_4683,Mobile,Social,2024-06-11,16:54:50
2669,USER_9808,Mobile,Email,2024-11-25,13:26:45
2670,USER_5729,Desktop,Paid Search,2024-07-27,10:08:22
2671,USER_3755,Mobile,Email,2024-01-18,23:16:35
2672,USER_8492,Desktop,Social,2024-05-20,06:31:18
2673,USER_9115,Mobile,Email,2024-02-11,08:05:58
2674,USER_9369,Desktop,Paid Search,2024-09-08,14:58:42
2675,USER_2854,Tablet,Paid Search,2024-08-29,02:51:42
2676,USER_2871,Desktop,Social,2024-07-30,10:55:32
2677,USER_5389,Desktop,Social,2024-06-19,03:01:51
2678,USER_9898,Desktop,Direct,2024-08-04,04:51:48
2679,USER_7010,Desktop,Organic,2024-02-21,03:15:04
2680,USER_9880,Mobile,Organic,2024-03-23,05:23:04
2681,USER_1681,Desktop,Direct,2024-12-23,04:36:51
2682,USER_8231,Mobile,Paid Search,2024-05-13,07:49:05
2683,USER_9951,Desktop,Social,2024-09-16,02:00:46
2684,USER_4580,Desktop,Paid Search,2024-02-03,00:47:51
2685,USER_7965,Desktop,Organic,2024-06-29,10:55:58
2686,USER_2677,Desktop,Email,2024-08-03,19:04:09
2687,USER_5055,Desktop,Social,2024-11-04,18:40:55
2688,USER_5877,Mobile,Paid Search,2024-10-07,14:40:55
2689,USER_1528,Mobile,Paid Search,2024-06-16,10:50:42
2690,USER_8368,Mobile,Email,2024-08-20,03:39:07
2691,USER_5305,Mobile,Organic,2024-12-21,01:45:08
2692,USER_6711,Mobile,Email,2024-01-15,06:58:47
2693,USER_2425,Desktop,Organic,2024-01-27,02:11:05
2694,USER_8193,Mobile,Social,2024-11-24,22:05:00
2695,USER_2923,Tablet,Direct,2024-11-24,13:50:43
2696,USER_4882,Mobile,Social,2024-04-04,07:13:03
2697,USER_4438,Mobile,Paid Search,2024-11-18,22:05:24
2698,USER_6744,Desktop,Social,2024-08-15,10:40:33
2699,USER_8015,Mobile,Paid Search,2024-11-24,06:30:52
2700,USER_3719,Mobile,Organic,2024-03-10,06:45:31
2701,USER_3281,Mobile,Direct,2024-01-02,19:45:11
2702,USER_4385,Tablet,Email,2024-07-24,15:18:46
2703,USER_4390,Desktop,Social,2024-04-12,21:37:55
2704,USER_1972,Desktop,Paid Search,2024-11-17,01:28:11
2705,USER_6747,Mobile,Organic,2024-06-05,16:00:05
2706,USER_9720,Mobile,Organic,2024-06-09,05:12:16
2707,USER_5605,Desktop,Social,2024-10-21,04:56:34
2708,USER_9827,Desktop,Email,2024-02-12,18:12:44
2709,USER_3758,Desktop,Paid Search,2024-02-26,03:44:48
2710,USER_6302,Desktop,Email,2024-03-21,02:12:11
2711,USER_5794,Mobile,Organic,2024-05-07,10:48:14
2712,USER_5740,Mobile,Paid Search,2024-09-21,05:25:40
2713,USER_5380,Desktop,Organic,2024-12-31,18:18:38
2714,USER_9428,Desktop,Paid Search,2024-11-28,13:32:40
2715,USER_2560,Desktop,Organic,2024-03-07,09:13:27
2716,USER_3221,Desktop,Direct,2024-10-31,08:52:22
2717,USER_7743,Mobile,Organic,2024-12-17,23:15:33
2718,USER_1971,Tablet,Direct,2024-07-29,00:41:56
2719,USER_5543,Mobile,Paid Search,2024-06-12,21:16:18
2720,USER_3078,Desktop,Direct,2024-08-19,05:04:03
2721,USER_3174,Tablet,Social,2024-09-01,02:31:22
2722,USER_5090,Mobile,Direct,2024-03-09,23:03:39
2723,USER_3396,Mobile,Organic,2024-05-13,13:05:43
2724,USER_6277,Mobile,Social,2024-03-29,22:28:00
2725,USER_5055,Desktop,Direct,2024-12-17,23:43:05
2726,USER_7434,Desktop,Organic,2024-10-30,10:37:49
2727,USER_9019,Desktop,Organic,2024-06-16,11:44:43
2728,USER_3329,Desktop,Paid Search,2024-05-24,19:43:04
2729,USER_5402,Desktop,Direct,2024-04-11,18:16:46
2730,USER_7786,Mobile,Paid Search,2024-02-13,10:28:22
2731,USER_7146,Mobile,Paid Search,2024-07-31,23:51:30
2732,USER_8405,Mobile,Organic,2024-07-07,11:31:19
2733,USER_2237,Desktop,Organic,2024-04-03,15:20:34
2734,USER_2525,Tablet,Email,2024-07-20,23:12:14
2735,USER_7600,Tablet,Organic,2024-07-12,18:10:02
2736,USER_9447,Mobile,Social,2024-10-19,22:22:26
2737,USER_5558,Tablet,Direct,2024-04-24,14:56:29
2738,USER_7046,Mobile,Organic,2024-01-11,10:59:50
2739,USER_8449,Tablet,Social,2024-01-12,12:29:55
2740,USER_8996,Desktop,Organic,2024-10-12,14:28:09
2741,USER_6362,Desktop,Social,2024-11-27,04:47:48
2742,USER_1040,Desktop,Organic,2024-11-09,12:26:01
2743,USER_2526,Desktop,Social,2024-11-16,04:50:20
2744,USER_8511,Desktop,Paid Search,2024-04-27,12:55:40
2745,USER_6869,Mobile,Paid Search,2024-02-15,04:25:23
2746,USER_2037,Mobile,Social,2024-08-24,00:27:50
2747,USER_9756,Mobile,Organic,2024-04-11,21:57:11
2748,USER_7516,Desktop,Social,2024-05-14,04:37:11
2749,USER_4568,Mobile,Paid Search,2024-12-25,06:06:01
2750,USER_8039,Mobile,Social,2024-03-27,12:30:09
2751,USER_4470,Desktop,Organic,2024-01-26,08:21:12
2752,USER_9105,Mobile,Social,2024-07-24,00:31:25
2753,USER_5399,Desktop,Organic,2024-11-12,05:19:53
2754,USER_6289,Desktop,Paid Search,2024-08-07,17:17:14
2755,USER_5646,Tablet,Organic,2024-11-03,06:31:38
2756,USER_6533,Desktop,Social,2024-05-13,23:31:27
2757,USER_9967,Mobile,Organic,2024-03-17,13:54:10
2758,USER_3139,Tablet,Email,2024-02-15,15:42:03
2759,USER_8951,Mobile,Email,2024-07-07,11:06:04
2760,USER_6631,Desktop,Organic,2024-03-28,10:45:30
2761,USER_1793,Desktop,Social,2024-10-17,19:18:09
2762,USER_1752,Desktop,Organic,2024-03-01,07:33:31
2763,USER_2631,Mobile,Paid Search,2024-01-08,06:26:31
2764,USER_8529,Mobile,Social,2024-09-26,00:19:40
2765,USER_1266,Desktop,Social,2024-08-10,05:21:40
2766,USER_3035,Tablet,Social,2024-08-20,09:43:39
2767,USER_3588,Mobile,Organic,2024-12-10,13:39:07
2768,USER_8230,Desktop,Paid Search,2024-09-10,19:08:33
2769,USER_8479,Mobile,Organic,2024-03-01,09:21:46
2770,USER_1011,Mobile,Social,2024-04-24,11:51:44
2771,USER_8009,Desktop,Paid Search,2024-12-31,04:23:36
2772,USER_4314,Desktop,Social,2024-04-14,15:04:01
2773,USER_3161,Mobile,Organic,2024-04-07,14:23:26
2774,USER_5945,Mobile,Paid Search,2024-05-16,07:13:20
2775,USER_3604,Mobile,Paid Search,2024-05-27,22:14:58
2776,USER_5489,Mobile,Organic,2024-09-10,10:40:58
2777,USER_2529,Desktop,Paid Search,2024-07-14,15:50:17
2778,USER_6905,Desktop,Email,2024-03-07,17:21:36
2779,USER_5102,Mobile,Email,2024-08-08,10:44:12
2780,USER_2350,Desktop,Paid Search,2024-04-15,04:20:50
2781,USER_7092,Desktop,Paid Search,2024-11-03,20:36:58
2782,USER_3711,Mobile,Organic,2024-04-20,07:45:37
2783,USER_1848,Tablet,Email,2024-05-24,19:15:52
2784,USER_7493,Mobile,Organic,2024-12-12,07:31:36
2785,USER_6005,Tablet,Direct,2024-04-06,15:56:01
2786,USER_4836,Desktop,Paid Search,2024-08-02,10:32:56
2787,USER_8032,Tablet,Paid Search,2024-04-02,03:24:48
2788,USER_2494,Desktop,Direct,2024-07-28,04:39:20
2789,USER_2559,Tablet,Organic,2024-03-15,02:33:31
2790,USER_1017,Tablet,Social,2024-01-15,14:38:57
2791,USER_4496,Mobile,Paid Search,2024-05-28,23:17:04
2792,USER_8812,Tablet,Organic,2024-05-14,14:24:49
2793,USER_2276,Mobile,Paid Search,2024-04-30,06:50:49
2794,USER_3174,Desktop,Social,2024-11-12,08:45:09
2795,USER_4705,Mobile,Social,2024-08-18,11:54:49
2796,USER_9510,Mobile,Organic,2024-05-07,01:30:15
2797,USER_8291,Desktop,Direct,2024-07-08,07:40:00
2798,USER_1152,Mobile,Organic,2024-10-25,10:22:52
2799,USER_1132,Tablet,Organic,2024-12-16,19:30:35
2800,USER_6629,Desktop,Organic,2024-11-27,04:50:17
2801,USER_2975,Mobile,Organic,2024-08-22,10:31:20
2802,USER_7919,Tablet,Organic,2024-02-13,19:56:34
2803,USER_3165,Tablet,Direct,2024-01-06,06:52:51
2804,USER_8826,Tablet,Paid Search,2024-08-28,20:12:59
2805,USER_2160,Mobile,Organic,2024-03-09,19:38:07
2806,USER_4751,Tablet,Organic,2024-06-14,09:46:03
2807,USER_7276,Mobile,Social,2024-12-20,23:56:12
2808,USER_2463,Desktop,Email,2024-07-22,16:51:32
2809,USER_2678,Mobile,Organic,2024-12-17,09:15:50
2810,USER_2690,Mobile,Organic,2024-04-18,12:27:44
2811,USER_6133,Desktop,Organic,2024-12-31,00:19:16
2812,USER_7022,Mobile,Organic,2024-07-15,06:09:18
2813,USER_5902,Mobile,Organic,2024-12-28,00:01:41
2814,USER_3246,Desktop,Paid Search,2024-08-04,20:48:26
2815,USER_7270,Mobile,Organic,2024-11-01,02:23:29
2816,USER_3181,Mobile,Paid Search,2024-05-11,04:28:40
2817,USER_3340,Mobile,Organic,2024-02-07,12:35:10
2818,USER_2120,Desktop,Direct,2024-02-18,19:28:48
2819,USER_9691,Desktop,Direct,2024-10-12,10:06:59
2820,USER_1138,Desktop,Social,2024-01-31,08:29:17
2821,USER_3688,Tablet,Paid Search,2024-01-27,06:45:38
2822,USER_8210,Desktop,Paid Search,2024-06-19,14:18:10
2823,USER_6753,Mobile,Paid Search,2024-04-30,18:08:20
2824,USER_4490,Desktop,Social,2024-08-29,00:07:03
2825,USER_3480,Desktop,Paid Search,2024-06-30,10:35:30
2826,USER_7745,Mobile,Email,2024-11-06,11:09:20
2827,USER_8248,Mobile,Direct,2024-12-09,23:24:35
2828,USER_4559,Desktop,Paid Search,2024-11-02,00:40:27
2829,USER_2420,Mobile,Social,2024-12-29,20:20:25
2830,USER_2646,Desktop,Organic,2024-01-24,05:20:39
2831,USER_3293,Mobile,Organic,2024-01-03,01:41:18
2832,USER_3017,Mobile,Paid Search,2024-05-09,10:36:48
2833,USER_7291,Desktop,Organic,2024-09-15,18:02:56
2834,USER_6759,Desktop,Email,2024-11-13,16:03:46
2835,USER_8035,Desktop,Organic,2024-07-14,22:45:08
2836,USER_6152,Tablet,Paid Search,2024-06-03,15:04:59
2837,USER_3290,Tablet,Social,2024-07-21,02:08:09
2838,USER_5059,Desktop,Social,2024-12-09,03:33:10
2839,USER_5537,Mobile,Paid Search,2024-07-08,22:15:05
2840,USER_2380,Desktop,Email,2024-03-08,11:22:21
2841,USER_5065,Desktop,Social,2024-10-13,02:26:21
2842,USER_5668,Mobile,Paid Search,2024-01-22,02:31:25
2843,USER_1439,Tablet,Organic,2024-10-24,17:03:33
2844,USER_5942,Tablet,Paid Search,2024-04-01,13:41:50
2845,USER_4366,Mobile,Email,2024-05-13,12:44:09
2846,USER_9482,Desktop,Social,2024-03-27,17:52:05
2847,USER_9348,Mobile,Email,2024-09-14,06:28:10
2848,USER_4090,Desktop,Paid Search,2024-09-09,03:48:58
2849,USER_7418,Mobile,Organic,2024-06-22,08:14:15
2850,USER_5842,Desktop,Organic,2024-08-27,01:41:43
2851,USER_1894,Mobile,Paid Search,2024-03-08,17:01:03
2852,USER_4921,Desktop,Social,2024-02-15,20:53:44
2853,USER_9108,Desktop,Email,2024-06-11,07:30:02
2854,USER_7322,Tablet,Organic,2024-12-29,01:14:48
2855,USER_2847,Desktop,Paid Search,2024-09-28,07:09:55
2856,USER_4949,Mobile,Paid Search,2024-08-09,04:32:20
2857,USER_9185,Desktop,Paid Search,2024-03-13,10:24:48
2858,USER_2163,Desktop,Organic,2024-05-13,20:42:25
2859,USER_9655,Desktop,Organic,2024-02-29,00:32:48
2860,USER_1197,Desktop,Organic,2024-06-09,09:31:01
2861,USER_6916,Tablet,Organic,2024-01-23,21:45:44
2862,USER_6185,Desktop,Organic,2024-03-06,13:35:04
2863,USER_3162,Tablet,Organic,2024-09-12,01:12:37
2864,USER_7337,Mobile,Social,2024-05-23,01:13:14
2865,USER_7895,Mobile,Paid Search,2024-07-03,18:31:00
2866,USER_6986,Mobile,Direct,2024-08-08,11:44:05
2867,USER_9951,Mobile,Organic,2024-05-24,18:56:23
2868,USER_3830,Mobile,Paid Search,2024-05-14,16:57:53
2869,USER_8717,Desktop,Paid Search,2024-11-09,05:25:13
2870,USER_2195,Desktop,Organic,2024-05-15,04:34:00
2871,USER_1273,Tablet,Email,2024-09-21,20:47:39
2872,USER_2106,Tablet,Organic,2024-06-09,09:17:35
2873,USER_1225,Tablet,Direct,2024-08-11,11:32:24
2874,USER_5295,Mobile,Email,2024-03-25,05:53:12
2875,USER_4534,Mobile,Paid Search,2024-06-10,19:16:21
2876,USER_1652,Mobile,Paid Search,2024-09-08,06:20:57
2877,USER_1990,Mobile,Social,2024-03-18,08:25:07
2878,USER_7520,Desktop,Paid Search,2024-10-11,20:18:28
2879,USER_9300,Mobile,Social,2024-12-02,00:28:38
2880,USER_5693,Desktop,Organic,2024-11-21,20:42:32
2881,USER_9209,Desktop,Organic,2024-08-13,12:13:11
2882,USER_7806,Tablet,Paid Search,2024-01-28,03:02:24
2883,USER_7939,Desktop,Paid Search,2024-04-06,03:47:59
2884,USER_7590,Desktop,Email,2024-03-17,06:12:48
2885,USER_2350,Desktop,Organic,2024-01-28,18:47:47
2886,USER_9791,Tablet,Email,2024-04-27,09:53:44
2887,USER_9808,Mobile,Organic,2024-04-03,21:13:56
2888,USER_3501,Mobile,Paid Search,2024-01-19,18:52:19
2889,USER_5546,Mobile,Paid Search,2024-08-28,11:29:03
2890,USER_2369,Mobile,Paid Search,2024-05-13,20:40:14
2891,USER_6077,Desktop,Organic,2024-03-24,18:56:56
2892,USER_2294,Mobile,Paid Search,2024-12-27,08:13:32
2893,USER_9377,Mobile,Email,2024-08-27,00:19:00
2894,USER_4329,Mobile,Paid Search,2024-08-11,06:53:11
2895,USER_3545,Desktop,Paid Search,2024-02-29,10:13:31
2896,USER_9788,Tablet,Email,2024-09-10,23:24:46
2897,USER_6353,Mobile,Social,2024-01-21,10:29:25
2898,USER_7401,Desktop,Paid Search,2024-08-14,19:48:10
2899,USER_2083,Mobile,Organic,2024-07-01,15:30:35
2900,USER_6081,Desktop,Email,2024-12-29,19:18:50
2901,USER_8167,Desktop,Social,2024-10-14,21:54:15
2902,USER_4909,Mobile,Organic,2024-09-05,02:39:06
2903,USER_1948,Desktop,Organic,2024-08-22,00:54:01
2904,USER_5005,Mobile,Email,2024-09-09,19:03:54
2905,USER_2412,Mobile,Organic,2024-02-27,00:17:59
2906,USER_8118,Desktop,Direct,2024-03-16,00:19:28
2907,USER_2900,Tablet,Organic,2024-03-04,12:46:36
2908,USER_8428,Desktop,Email,2024-06-27,05:06:03
2909,USER_1901,Desktop,Paid Search,2024-02-17,11:13:41
2910,USER_6067,Desktop,Paid Search,2024-04-14,06:27:47
2911,USER_3877,Desktop,Email,2024-05-25,11:04:17
2912,USER_2956,Desktop,Paid Search,2024-04-02,13:41:01
2913,USER_1207,Mobile,Paid Search,2024-03-27,09:49:02
2914,USER_3248,Tablet,Organic,2024-09-17,03:19:09
2915,USER_1185,Desktop,Organic,2024-05-19,08:29:59
2916,USER_3684,Mobile,Organic,2024-10-15,06:07:58
2917,USER_9133,Mobile,Social,2024-12-05,20:47:43
2918,USER_6680,Mobile,Organic,2024-10-26,00:56:59
2919,USER_9568,Mobile,Organic,2024-04-18,15:11:00
2920,USER_9474,Desktop,Paid Search,2024-10-25,03:05:46
2921,USER_5247,Desktop,Social,2024-01-03,07:29:55
2922,USER_3735,Mobile,Social,2024-09-26,18:44:35
2923,USER_7092,Mobile,Organic,2024-10-19,08:17:01
2924,USER_3079,Desktop,Organic,2024-04-02,22:36:30
2925,USER_5403,Desktop,Direct,2024-08-01,02:46:44
2926,USER_2934,Tablet,Organic,2024-02-09,04:13:04
2927,USER_1480,Mobile,Email,2024-05-06,12:43:24
2928,USER_6488,Tablet,Email,2024-09-12,00:02:31
2929,USER_8034,Mobile,Email,2024-12-12,13:53:29
2930,USER_5456,Desktop,Organic,2024-02-18,13:11:00
2931,USER_9582,Mobile,Email,2024-06-17,18:57:02
2932,USER_2046,Mobile,Email,2024-01-14,21:04:49
2933,USER_5308,Desktop,Social,2024-05-25,08:45:18
2934,USER_2262,Mobile,Paid Search,2024-12-14,23:30:12
2935,USER_9128,Mobile,Organic,2024-12-14,08:01:42
2936,USER_8457,Desktop,Organic,2024-03-03,08:55:12
2937,USER_9368,Mobile,Paid Search,2024-07-20,07:44:28
2938,USER_6900,Mobile,Social,2024-07-10,00:41:02
2939,USER_1908,Tablet,Paid Search,2024-10-29,18:53:54
2940,USER_9185,Desktop,Paid Search,2024-02-24,13:35:44
2941,USER_3734,Desktop,Paid Search,2024-06-14,15:50:14
2942,USER_7024,Mobile,Social,2024-03-19,22:54:47
2943,USER_3577,Desktop,Direct,2024-01-15,01:18:23
2944,USER_5179,Mobile,Organic,2024-02-11,02:38:23
2945,USER_2685,Mobile,Paid Search,2024-08-23,14:52:30
2946,USER_2889,Desktop,Organic,2024-12-28,17:10:23
2947,USER_4742,Mobile,Social,2024-12-03,21:57:23
2948,USER_9336,Mobile,Social,2024-09-02,23:35:34
2949,USER_1042,Desktop,Direct,2024-08-20,04:20:47
2950,USER_1721,Tablet,Organic,2024-11-17,20:22:26
2951,USER_1201,Mobile,Direct,2024-05-17,05:37:25
2952,USER_5006,Mobile,Organic,2024-10-31,11:29:22
2953,USER_1753,Mobile,Social,2024-12-02,09:09:52
2954,USER_8729,Mobile,Organic,2024-01-03,21:48:56
2955,USER_6963,Tablet,Email,2024-06-17,15:43:34
2956,USER_7274,Mobile,Paid Search,2024-01-23,13:23:27
2957,USER_3458,Mobile,Social,2024-12-01,02:38:16
2958,USER_3932,Tablet,Email,2024-11-14,04:21:59
2959,USER_1579,Desktop,Organic,2024-08-19,11:41:29
2960,USER_7870,Mobile,Organic,2024-06-15,14:48:34
2961,USER_4678,Desktop,Email,2024-10-18,21:10:56
2962,USER_6272,Desktop,Paid Search,2024-03-07,01:21:32
2963,USER_5067,Desktop,Organic,2024-04-18,20:09:38
2964,USER_7819,Tablet,Paid Search,2024-01-25,10:34:40
2965,USER_6241,Tablet,Social,2024-11-25,23:10:54
2966,USER_5444,Mobile,Organic,2024-05-24,18:08:52
2967,USER_2276,Mobile,Organic,2024-06-14,06:52:44
2968,USER_7108,Mobile,Organic,2024-01-29,12:05:52
2969,USER_2956,Tablet,Paid Search,2024-02-06,13:56:07
2970,USER_9225,Mobile,Email,2024-10-07,16:34:02
2971,USER_1862,Desktop,Direct,2024-11-04,16:06:36
2972,USER_3938,Desktop,Social,2024-07-14,00:16:59
2973,USER_4656,Mobile,Organic,2024-02-17,17:42:10
2974,USER_9450,Mobile,Direct,2024-07-23,23:14:43
2975,USER_1752,Desktop,Paid Search,2024-05-10,22:50:21
2976,USER_7568,Desktop,Organic,2024-04-01,15:07:20
2977,USER_2129,Mobile,Direct,2024-05-02,23:53:51
2978,USER_8620,Desktop,Email,2024-07-23,11:35:59
2979,USER_5625,Mobile,Social,2024-02-15,12:33:42
2980,USER_6090,Tablet,Social,2024-01-11,12:14:36
2981,USER_6362,Mobile,Organic,2024-04-16,11:47:26
2982,USER_2415,Desktop,Organic,2024-03-24,22:48:06
2983,USER_8483,Mobile,Social,2024-07-17,07:40:41
2984,USER_1130,Mobile,Organic,2024-07-25,14:09:53
2985,USER_7044,Mobile,Paid Search,2024-05-25,22:57:48
2986,USER_4287,Tablet,Email,2024-11-27,06:45:00
2987,USER_5777,Desktop,Email,2024-11-30,16:51:06
2988,USER_5979,Mobile,Paid Search,2024-03-19,15:09:58
2989,USER_4974,Mobile,Email,2024-03-02,02:44:19
2990,USER_8600,Tablet,Email,2024-06-01,07:48:25
2991,USER_7033,Desktop,Social,2024-09-08,09:52:13
2992,USER_9083,Mobile,Organic,2024-08-09,17:40:06
2993,USER_4201,Mobile,Organic,2024-06-07,06:01:01
2994,USER_9954,Desktop,Paid Search,2024-12-16,00:18:07
2995,USER_5016,Desktop,Organic,2024-11-04,06:11:52
2996,USER_3466,Tablet,Organic,2024-03-08,21:04:04
2997,USER_1104,Desktop,Organic,2024-07-02,08:28:07
2998,USER_7718,Desktop,Paid Search,2024-12-06,13:22:42
2999,USER_1391,Desktop,Direct,2024-02-19,12:00:44
3000,USER_4817,Tablet,Organic,2024-07-07,19:19:21
3001,USER_9872,Mobile,Social,2024-09-19,12:23:13
3002,USER_6675,Mobile,Social,2024-04-12,09:27:39
3003,USER_1157,Desktop,Organic,2024-09-07,18:58:30
3004,USER_6488,Mobile,Direct,2024-08-16,20:39:37
3005,USER_1023,Mobile,Social,2024-07-17,01:43:31
3006,USER_7164,Mobile,Paid Search,2024-08-31,01:31:20
3007,USER_6038,Tablet,Email,2024-05-17,11:01:16
3008,USER_2703,Desktop,Organic,2024-10-15,22:30:55
3009,USER_4361,Mobile,Social,2024-11-03,12:48:34
3010,USER_9680,Desktop,Organic,2024-08-04,03:27:44
3011,USER_4902,Mobile,Email,2024-02-16,18:39:56
3012,USER_7878,Desktop,Paid Search,2024-08-04,11:43:31
3013,USER_9061,Desktop,Social,2024-07-07,00:24:02
3014,USER_1981,Desktop,Organic,2024-11-10,15:48:57
3015,USER_3332,Mobile,Social,2024-04-05,02:30:16
3016,USER_5584,Desktop,Email,2024-08-10,17:05:05
3017,USER_2524,Mobile,Paid Search,2024-11-18,07:46:53
3018,USER_1719,Mobile,Social,2024-08-06,22:40:59
3019,USER_4792,Desktop,Paid Search,2024-02-17,03:29:24
3020,USER_9515,Mobile,Email,2024-01-21,23:21:15
3021,USER_7767,Desktop,Paid Search,2024-09-19,19:30:02
3022,USER_7102,Mobile,Email,2024-06-23,10:19:35
3023,USER_8511,Mobile,Email,2024-08-25,22:54:28
3024,USER_2391,Desktop,Paid Search,2024-12-12,06:39:26
3025,USER_2565,Desktop,Organic,2024-04-24,03:00:43
3026,USER_9280,Desktop,Paid Search,2024-11-27,04:37:55
3027,USER_3187,Tablet,Email,2024-12-17,21:49:01
3028,USER_7461,Mobile,Organic,2024-12-31,16:28:04
3029,USER_2226,Mobile,Paid Search,2024-03-20,16:11:29
3030,USER_2020,Mobile,Email,2024-09-10,08:44:36
3031,USER_8126,Desktop,Paid Search,2024-09-26,12:51:59
3032,USER_3141,Mobile,Social,2024-11-18,17:41:46
3033,USER_4879,Mobile,Organic,2024-11-27,01:16:37
3034,USER_5778,Desktop,Organic,2024-09-25,03:44:33
3035,USER_5276,Desktop,Email,2024-02-12,15:11:57
3036,USER_6161,Desktop,Organic,2024-05-28,14:18:54
3037,USER_7438,Mobile,Organic,2024-08-27,05:02:18
3038,USER_6345,Tablet,Email,2024-08-11,19:21:27
3039,USER_6211,Desktop,Paid Search,2024-02-10,03:43:09
3040,USER_8417,Mobile,Direct,2024-09-01,02:12:30
3041,USER_5455,Desktop,Direct,2024-06-02,15:15:00
3042,USER_4827,Tablet,Organic,2024-03-17,12:49:47
3043,USER_2223,Desktop,Organic,2024-03-06,20:57:11
3044,USER_4321,Mobile,Social,2024-12-16,12:02:19
3045,USER_3230,Mobile,Paid Search,2024-06-02,05:14:21
3046,USER_2785,Mobile,Organic,2024-05-07,21:37:54
3047,USER_3546,Mobile,Social,2024-09-24,15:14:45
3048,USER_2731,Desktop,Organic,2024-08-06,14:51:44
3049,USER_3693,Desktop,Email,2024-05-31,03:06:10
3050,USER_8365,Desktop,Organic,2024-10-18,04:08:47
3051,USER_8635,Desktop,Organic,2024-01-25,19:36:01
3052,USER_6145,Mobile,Organic,2024-10-09,14:31:23
3053,USER_7660,Desktop,Direct,2024-02-09,22:27:01
3054,USER_2978,Desktop,Social,2024-01-24,22:33:57
3055,USER_9780,Mobile,Email,2024-09-19,22:23:40
3056,USER_6870,Tablet,Paid Search,2024-02-25,17:06:26
3057,USER_4401,Mobile,Paid Search,2024-09-18,15:02:17
3058,USER_8404,Desktop,Organic,2024-08-05,13:35:44
3059,USER_6051,Desktop,Paid Search,2024-07-30,13:04:04
3060,USER_8591,Tablet,Social,2024-02-18,02:16:56
3061,USER_5341,Desktop,Social,2024-08-25,21:22:30
3062,USER_2964,Desktop,Organic,2024-12-04,12:32:58
3063,USER_2481,Mobile,Direct,2024-10-18,07:58:59
3064,USER_3582,Mobile,Organic,2024-05-09,04:07:01
3065,USER_5984,Mobile,Direct,2024-06-30,05:05:36
3066,USER_1660,Desktop,Organic,2024-05-10,05:42:12
3067,USER_4522,Desktop,Paid Search,2024-10-26,14:42:34
3068,USER_6370,Tablet,Paid Search,2024-02-11,11:35:16
3069,USER_3430,Desktop,Paid Search,2024-09-14,15:04:50
3070,USER_2494,Mobile,Social,2024-01-09,21:11:37
3071,USER_5066,Mobile,Paid Search,2024-02-28,13:07:35
3072,USER_6828,Mobile,Paid Search,2024-12-04,01:14:12
3073,USER_7492,Desktop,Social,2024-08-24,04:19:08
3074,USER_9412,Desktop,Social,2024-04-01,23:44:25
3075,USER_1802,Mobile,Email,2024-04-03,00:23:03
3076,USER_5896,Tablet,Organic,2024-07-20,16:50:00
3077,USER_5262,Tablet,Social,2024-01-24,03:33:42
3078,USER_3848,Desktop,Social,2024-02-12,08:37:33
3079,USER_1509,Desktop,Paid Search,2024-08-01,00:19:56
3080,USER_7625,Tablet,Paid Search,2024-12-26,04:20:58
3081,USER_8408,Mobile,Paid Search,2024-06-01,07:55:30
3082,USER_5093,Tablet,Organic,2024-06-09,06:12:42
3083,USER_2551,Desktop,Organic,2024-10-27,15:30:30
3084,USER_8570,Mobile,Organic,2024-08-20,06:06:11
3085,USER_2669,Mobile,Social,2024-12-09,12:35:40
3086,USER_3290,Mobile,Social,2024-08-18,20:34:54
3087,USER_2989,Mobile,Direct,2024-11-15,02:09:42
3088,USER_1195,Desktop,Social,2024-05-15,04:54:32
3089,USER_2010,Mobile,Organic,2024-06-23,04:55:48
3090,USER_4641,Desktop,Email,2024-04-05,02:30:32
3091,USER_3141,Mobile,Email,2024-04-18,02:36:10
3092,USER_4246,Tablet,Paid Search,2024-04-04,07:40:48
3093,USER_7563,Desktop,Social,2024-02-10,13:53:40
3094,USER_7098,Mobile,Direct,2024-11-05,11:14:52
3095,USER_2376,Desktop,Paid Search,2024-05-12,08:26:03
3096,USER_5240,Mobile,Direct,2024-12-10,13:02:55
3097,USER_2228,Tablet,Organic,2024-02-24,10:49:25
3098,USER_1357,Desktop,Organic,2024-08-10,00:12:42
3099,USER_2056,Desktop,Paid Search,2024-09-30,23:59:23
3100,USER_4239,Mobile,Social,2024-01-10,12:28:38
3101,USER_8265,Desktop,Email,2024-01-03,07:47:58
3102,USER_3110,Mobile,Direct,2024-07-21,04:30:39
3103,USER_2506,Tablet,Paid Search,2024-02-29,16:56:26
3104,USER_6432,Mobile,Organic,2024-01-07,20:55:48
3105,USER_3007,Desktop,Email,2024-03-28,20:10:15
3106,USER_1699,Mobile,Social,2024-12-01,19:33:18
3107,USER_8552,Mobile,Organic,2024-09-01,15:49:04
3108,USER_1829,Desktop,Paid Search,2024-08-23,13:38:01
3109,USER_3752,Mobile,Social,2024-12-20,13:04:35
3110,USER_8096,Mobile,Email,2024-07-26,02:45:57
3111,USER_7471,Mobile,Paid Search,2024-12-02,04:49:41
3112,USER_9128,Desktop,Paid Search,2024-11-04,01:23:17
3113,USER_1483,Mobile,Direct,2024-09-06,12:17:29
3114,USER_7270,Desktop,Social,2024-06-04,20:51:58
3115,USER_7990,Desktop,Paid Search,2024-11-12,10:19:53
3116,USER_3831,Tablet,Organic,2024-11-11,17:38:20
3117,USER_6799,Mobile,Social,2024-07-03,09:54:30
3118,USER_4517,Desktop,Organic,2024-12-19,16:31:24
3119,USER_4066,Desktop,Organic,2024-12-10,22:37:44
3120,USER_5505,Desktop,Paid Search,2024-12-19,17:59:43
3121,USER_5585,Desktop,Organic,2024-12-11,19:38:42
3122,USER_8307,Desktop,Social,2024-07-21,18:08:30
3123,USER_3435,Desktop,Organic,2024-06-03,10:05:44
3124,USER_1567,Mobile,Social,2024-02-14,15:21:34
3125,USER_5026,Mobile,Organic,2024-03-05,16:39:40
3126,USER_5835,Mobile,Organic,2024-03-10,02:16:40
3127,USER_9173,Mobile,Organic,2024-01-08,08:59:17
3128,USER_7750,Desktop,Direct,2024-04-07,09:38:32
3129,USER_8848,Tablet,Email,2024-02-27,07:20:59
3130,USER_1999,Mobile,Organic,2024-01-09,10:58:15
3131,USER_2437,Mobile,Email,2024-12-22,18:12:22
3132,USER_5583,Mobile,Social,2024-04-06,09:12:52
3133,USER_7275,Tablet,Direct,2024-01-14,10:33:43
3134,USER_3248,Mobile,Paid Search,2024-04-17,13:17:16
3135,USER_7868,Desktop,Social,2024-09-03,19:27:42
3136,USER_4267,Mobile,Organic,2024-11-28,21:12:49
3137,USER_9614,Mobile,Paid Search,2024-03-15,19:56:50
3138,USER_5082,Mobile,Direct,2024-11-28,04:51:49
3139,USER_9907,Mobile,Paid Search,2024-05-03,22:18:12
3140,USER_1319,Desktop,Organic,2024-08-11,21:43:23
3141,USER_7266,Desktop,Organic,2024-11-16,22:34:35
3142,USER_6883,Tablet,Social,2024-10-02,10:13:51
3143,USER_8859,Mobile,Social,2024-04-07,14:37:33
3144,USER_9921,Mobile,Paid Search,2024-02-14,05:07:46
3145,USER_8940,Desktop,Direct,2024-06-03,23:56:18
3146,USER_6636,Desktop,Organic,2024-08-25,20:15:13
3147,USER_9231,Tablet,Paid Search,2024-03-16,19:50:40
3148,USER_6269,Mobile,Direct,2024-08-30,10:11:56
3149,USER_7363,Mobile,Paid Search,2024-08-04,20:51:31
3150,USER_5430,Mobile,Organic,2024-01-12,11:15:25
3151,USER_3946,Mobile,Paid Search,2024-02-29,15:45:17
3152,USER_1427,Desktop,Email,2024-03-26,18:29:34
3153,USER_6224,Mobile,Organic,2024-03-19,10:09:16
3154,USER_4588,Mobile,Direct,2024-12-25,19:04:16
3155,USER_1480,Mobile,Email,2024-08-15,03:24:52
3156,USER_5602,Mobile,Organic,2024-09-05,17:25:00
3157,USER_1959,Tablet,Social,2024-08-29,02:12:51
3158,USER_8728,Desktop,Paid Search,2024-01-11,08:59:31
3159,USER_9674,Mobile,Paid Search,2024-08-18,14:59:35
3160,USER_6856,Desktop,Email,2024-10-26,18:52:17
3161,USER_4813,Mobile,Direct,2024-05-04,16:36:26
3162,USER_3615,Desktop,Organic,2024-04-13,06:17:03
3163,USER_2640,Desktop,Paid Search,2024-05-30,13:40:31
3164,USER_5060,Mobile,Paid Search,2024-10-18,19:06:30
3165,USER_4951,Desktop,Paid Search,2024-07-19,13:24:20
3166,USER_5366,Mobile,Paid Search,2024-01-27,03:08:11
3167,USER_9743,Tablet,Organic,2024-06-19,03:23:48
3168,USER_1916,Desktop,Social,2024-01-05,01:02:54
3169,USER_4594,Mobile,Paid Search,2024-02-22,02:17:06
3170,USER_7363,Mobile,Organic,2024-11-18,17:34:17
3171,USER_6813,Mobile,Email,2024-12-31,04:50:06
3172,USER_3846,Desktop,Email,2024-08-09,23:43:27
3173,USER_3885,Desktop,Paid Search,2024-07-31,06:02:57
3174,USER_4875,Desktop,Organic,2024-09-10,21:36:03
3175,USER_6210,Desktop,Social,2024-10-23,00:07:21
3176,USER_6878,Desktop,Organic,2024-11-01,19:46:17
3177,USER_1462,Mobile,Organic,2024-10-10,09:27:15
3178,USER_6761,Tablet,Social,2024-05-28,07:14:39
3179,USER_3328,Mobile,Organic,2024-01-19,19:36:48
3180,USER_4084,Mobile,Organic,2024-09-06,08:59:35
3181,USER_9064,Desktop,Organic,2024-07-23,11:53:15
3182,USER_9882,Desktop,Organic,2024-09-05,04:01:35
3183,USER_6063,Desktop,Organic,2024-09-19,18:20:48
3184,USER_3876,Desktop,Direct,2024-10-29,07:10:51
3185,USER_9035,Mobile,Organic,2024-11-09,12:13:34
3186,USER_1621,Mobile,Organic,2024-12-13,19:01:10
3187,USER_2478,Desktop,Organic,2024-09-06,02:36:47
3188,USER_1920,Desktop,Direct,2024-04-28,19:17:51
3189,USER_4811,Mobile,Paid Search,2024-12-31,15:07:06
3190,USER_4584,Mobile,Paid Search,2024-02-01,07:54:26
3191,USER_1326,Desktop,Email,2024-09-27,07:15:29
3192,USER_9625,Tablet,Paid Search,2024-01-10,19:10:57
3193,USER_8831,Tablet,Paid Search,2024-08-04,05:58:14
3194,USER_1011,Desktop,Organic,2024-10-22,08:06:00
3195,USER_6435,Desktop,Paid Search,2024-06-10,07:42:19
3196,USER_4300,Mobile,Paid Search,2024-10-10,13:37:55
3197,USER_3137,Tablet,Social,2024-02-02,19:54:24
3198,USER_6582,Tablet,Organic,2024-05-17,14:13:14
3199,USER_3907,Desktop,Social,2024-11-27,03:54:05
3200,USER_6301,Desktop,Organic,2024-08-01,13:45:28
3201,USER_1975,Mobile,Organic,2024-08-30,14:09:47
3202,USER_1359,Mobile,Paid Search,2024-02-29,12:54:39
3203,USER_3420,Desktop,Direct,2024-09-10,12:01:34
3204,USER_3320,Tablet,Paid Search,2024-11-14,08:13:56
3205,USER_2817,Mobile,Social,2024-11-26,21:31:27
3206,USER_9622,Mobile,Organic,2024-06-26,16:21:20
3207,USER_6978,Tablet,Organic,2024-08-17,00:31:32
3208,USER_2188,Mobile,Organic,2024-12-23,19:24:53
3209,USER_7120,Mobile,Paid Search,2024-08-11,14:38:13
3210,USER_7481,Mobile,Organic,2024-01-11,11:09:45
3211,USER_2655,Desktop,Organic,2024-03-23,02:38:53
3212,USER_6514,Mobile,Email,2024-05-27,22:43:24
3213,USER_5944,Desktop,Organic,2024-04-08,05:50:25
3214,USER_6285,Mobile,Social,2024-08-28,06:13:20
3215,USER_3235,Desktop,Paid Search,2024-06-25,11:25:17
3216,USER_3580,Desktop,Paid Search,2024-08-12,07:45:18
3217,USER_8157,Desktop,Social,2024-04-28,07:24:38
3218,USER_8982,Desktop,Paid Search,2024-09-16,15:01:43
3219,USER_6198,Mobile,Organic,2024-04-22,18:15:41
3220,USER_3854,Mobile,Social,2024-10-27,22:04:28
3221,USER_6846,Mobile,Email,2024-12-16,22:51:01
3222,USER_4657,Desktop,Organic,2024-06-22,12:36:22
3223,USER_3872,Desktop,Organic,2024-11-04,11:24:01
3224,USER_7199,Desktop,Email,2024-12-02,15:27:46
3225,USER_6026,Desktop,Paid Search,2024-08-27,14:58:27
3226,USER_5825,Tablet,Social,2024-03-08,02:27:16
3227,USER_3086,Desktop,Paid Search,2024-05-30,11:14:17
3228,USER_3911,Desktop,Organic,2024-12-30,11:58:16
3229,USER_1029,Desktop,Social,2024-07-18,15:10:10
3230,USER_7415,Desktop,Paid Search,2024-08-01,07:54:37
3231,USER_1530,Mobile,Organic,2024-12-10,20:33:38
3232,USER_3983,Mobile,Paid Search,2024-11-30,16:51:12
3233,USER_6213,Desktop,Email,2024-07-03,01:24:23
3234,USER_4619,Desktop,Social,2024-08-29,01:48:14
3235,USER_2705,Desktop,Organic,2024-03-23,02:45:58
3236,USER_9129,Desktop,Paid Search,2024-11-14,05:05:39
3237,USER_3304,Desktop,Social,2024-04-16,22:35:03
3238,USER_6425,Tablet,Email,2024-05-24,08:05:33
3239,USER_2274,Mobile,Social,2024-12-19,08:28:09
3240,USER_4899,Mobile,Organic,2024-02-14,09:09:54
3241,USER_6682,Mobile,Social,2024-12-07,13:17:55
3242,USER_6234,Mobile,Social,2024-09-04,05:14:26
3243,USER_3750,Mobile,Organic,2024-03-07,09:10:33
3244,USER_2453,Mobile,Paid Search,2024-03-29,02:14:55
3245,USER_6500,Mobile,Paid Search,2024-04-12,02:39:03
3246,USER_8317,Desktop,Social,2024-03-21,18:41:50
3247,USER_1186,Mobile,Organic,2024-11-06,23:11:18
3248,USER_5345,Mobile,Social,2024-09-08,17:30:27
3249,USER_4435,Tablet,Direct,2024-02-21,05:15:01
3250,USER_5088,Mobile,Email,2024-07-31,06:38:45
3251,USER_2110,Mobile,Direct,2024-09-09,02:04:49
3252,USER_6742,Desktop,Direct,2024-06-04,03:17:52
3253,USER_5205,Mobile,Organic,2024-04-30,05:34:07
3254,USER_2770,Desktop,Social,2024-04-17,14:35:48
3255,USER_1020,Desktop,Paid Search,2024-10-12,11:46:11
3256,USER_1788,Desktop,Email,2024-01-25,04:34:59
3257,USER_7323,Mobile,Organic,2024-01-10,05:15:50
3258,USER_8179,Desktop,Direct,2024-07-02,00:20:54
3259,USER_7875,Desktop,Social,2024-05-13,05:49:17
3260,USER_3725,Tablet,Email,2024-07-01,16:52:01
3261,USER_7783,Desktop,Organic,2024-12-12,16:32:57
3262,USER_9078,Mobile,Organic,2024-03-22,01:25:08
3263,USER_7204,Mobile,Email,2024-03-30,05:03:30
3264,USER_6754,Desktop,Organic,2024-09-14,04:54:08
3265,USER_9946,Mobile,Email,2024-01-17,07:55:38
3266,USER_7149,Desktop,Organic,2024-02-02,11:36:50
3267,USER_2661,Mobile,Social,2024-06-21,08:29:15
3268,USER_8855,Mobile,Paid Search,2024-08-08,14:11:45
3269,USER_4695,Mobile,Social,2024-02-28,03:45:15
3270,USER_3664,Mobile,Social,2024-11-12,05:40:38
3271,USER_8393,Desktop,Paid Search,2024-04-26,01:04:24
3272,USER_2207,Desktop,Organic,2024-03-02,04:00:18
3273,USER_1547,Mobile,Organic,2024-10-14,14:33:51
3274,USER_5831,Mobile,Social,2024-04-24,15:43:48
3275,USER_1328,Mobile,Paid Search,2024-09-06,12:35:34
3276,USER_6221,Mobile,Social,2024-05-12,23:25:56
3277,USER_5278,Mobile,Paid Search,2024-06-23,16:29:41
3278,USER_2715,Mobile,Paid Search,2024-06-30,16:22:50
3279,USER_2215,Desktop,Paid Search,2024-01-24,19:36:45
3280,USER_6600,Mobile,Organic,2024-10-12,23:25:48
3281,USER_3787,Mobile,Paid Search,2024-05-16,08:33:59
3282,USER_7151,Desktop,Direct,2024-03-18,13:10:32
3283,USER_3636,Tablet,Email,2024-12-19,15:08:51
3284,USER_2228,Tablet,Paid Search,2024-09-20,01:13:04
3285,USER_9962,Mobile,Social,2024-11-05,19:23:53
3286,USER_2525,Desktop,Email,2024-12-08,09:07:38
3287,USER_6536,Desktop,Paid Search,2024-02-23,13:24:24
3288,USER_8909,Mobile,Organic,2024-12-27,09:23:01
3289,USER_1507,Tablet,Organic,2024-01-26,10:31:12
3290,USER_8066,Desktop,Paid Search,2024-08-12,00:13:27
3291,USER_3703,Desktop,Direct,2024-08-22,20:48:09
3292,USER_8113,Tablet,Social,2024-02-26,14:55:37
3293,USER_3573,Desktop,Organic,2024-02-24,23:08:41
3294,USER_1877,Mobile,Organic,2024-11-08,09:25:15
3295,USER_2659,Tablet,Email,2024-11-08,04:01:57
3296,USER_6424,Desktop,Email,2024-02-22,07:57:28
3297,USER_4367,Mobile,Social,2024-10-14,08:31:25
3298,USER_4112,Desktop,Social,2024-01-22,14:45:29
3299,USER_7705,Desktop,Organic,2024-09-16,11:56:13
3300,USER_9849,Mobile,Email,2024-02-23,14:08:26
3301,USER_5346,Mobile,Email,2024-03-26,01:15:09
3302,USER_5612,Tablet,Organic,2024-11-18,20:59:06
3303,USER_5872,Mobile,Social,2024-03-01,09:23:03
3304,USER_4891,Desktop,Organic,2024-04-15,11:29:58
3305,USER_2571,Desktop,Organic,2024-07-04,12:56:41
3306,USER_1813,Desktop,Organic,2024-03-21,13:04:38
3307,USER_7437,Desktop,Organic,2024-05-29,09:22:52
3308,USER_9043,Desktop,Paid Search,2024-12-28,16:35:30
3309,USER_3516,Desktop,Paid Search,2024-08-14,01:59:55
3310,USER_1893,Mobile,Paid Search,2024-09-16,15:04:22
3311,USER_6911,Mobile,Paid Search,2024-09-12,10:12:19
3312,USER_1062,Mobile,Organic,2024-02-20,16:10:00
3313,USER_8005,Mobile,Organic,2024-03-19,03:09:47
3314,USER_2435,Desktop,Social,2024-11-27,22:35:17
3315,USER_5825,Desktop,Paid Search,2024-07-05,01:01:32
3316,USER_8869,Mobile,Organic,2024-06-20,06:40:33
3317,USER_4271,Mobile,Email,2024-03-11,11:01:28
3318,USER_2589,Desktop,Social,2024-03-03,12:21:51
3319,USER_1421,Mobile,Email,2024-04-13,19:29:22
3320,USER_4390,Mobile,Paid Search,2024-08-12,19:20:18
3321,USER_3798,Mobile,Organic,2024-07-31,11:03:51
3322,USER_5781,Desktop,Social,2024-01-04,16:37:07
3323,USER_2342,Mobile,Organic,2024-05-05,14:48:31
3324,USER_8758,Mobile,Paid Search,2024-08-30,13:48:32
3325,USER_2892,Mobile,Organic,2024-06-23,01:42:49
3326,USER_6052,Mobile,Email,2024-05-26,17:46:47
3327,USER_7512,Mobile,Organic,2024-09-15,18:32:04
3328,USER_8715,Mobile,Direct,2024-03-28,04:59:52
3329,USER_9013,Desktop,Email,2024-02-13,12:21:42
3330,USER_5341,Mobile,Paid Search,2024-05-16,22:28:46
3331,USER_2493,Mobile,Social,2024-07-09,23:40:17
3332,USER_9914,Mobile,Social,2024-07-31,04:09:48
3333,USER_7349,Desktop,Email,2024-07-03,06:05:39
3334,USER_4029,Desktop,Paid Search,2024-11-18,12:17:25
3335,USER_7078,Tablet,Email,2024-12-06,07:02:02
3336,USER_7249,Mobile,Paid Search,2024-05-05,09:00:08
3337,USER_7052,Tablet,Direct,2024-03-18,06:26:36
3338,USER_4056,Mobile,Paid Search,2024-09-28,06:26:51
3339,USER_8303,Mobile,Paid Search,2024-08-03,04:27:35
3340,USER_1731,Mobile,Email,2024-04-26,18:16:58
3341,USER_5313,Tablet,Email,2024-03-11,06:00:04
3342,USER_8204,Mobile,Social,2024-08-07,05:54:02
3343,USER_8619,Mobile,Organic,2024-07-30,08:46:30
3344,USER_5315,Desktop,Paid Search,2024-07-28,02:14:29
3345,USER_4706,Mobile,Direct,2024-08-22,05:59:43
3346,USER_5400,Mobile,Email,2024-09-21,15:07:05
3347,USER_2009,Desktop,Email,2024-12-15,21:29:51
3348,USER_3476,Desktop,Organic,2024-07-04,10:39:46
3349,USER_2584,Desktop,Paid Search,2024-01-16,11:54:30
3350,USER_2404,Desktop,Social,2024-08-14,08:36:35
3351,USER_6632,Desktop,Email,2024-03-15,17:56:57
3352,USER_9871,Mobile,Organic,2024-01-06,23:21:40
3353,USER_7782,Tablet,Email,2024-09-21,21:20:33
3354,USER_4727,Mobile,Paid Search,2024-02-05,04:42:43
3355,USER_1999,Desktop,Organic,2024-02-13,22:37:33
3356,USER_7342,Desktop,Paid Search,2024-06-22,21:17:51
3357,USER_9561,Mobile,Organic,2024-06-10,19:49:57
3358,USER_7858,Desktop,Paid Search,2024-07-24,07:14:52
3359,USER_9773,Mobile,Organic,2024-03-25,00:27:30
3360,USER_8779,Mobile,Organic,2024-08-10,08:21:32
3361,USER_4860,Mobile,Email,2024-02-01,09:31:46
3362,USER_8803,Desktop,Organic,2024-07-20,12:03:37
3363,USER_5896,Mobile,Organic,2024-01-19,09:51:55
3364,USER_2293,Desktop,Paid Search,2024-12-04,08:06:52
3365,USER_7468,Tablet,Paid Search,2024-11-24,04:35:14
3366,USER_1568,Mobile,Email,2024-03-18,07:56:15
3367,USER_9226,Desktop,Paid Search,2024-10-21,14:57:09
3368,USER_9467,Desktop,Email,2024-01-30,03:44:34
3369,USER_3415,Desktop,Social,2024-11-19,16:23:26
3370,USER_2970,Mobile,Organic,2024-12-31,23:25:26
3371,USER_8357,Desktop,Organic,2024-12-04,18:21:19
3372,USER_3832,Mobile,Paid Search,2024-09-23,02:15:10
3373,USER_3738,Desktop,Paid Search,2024-05-31,19:30:59
3374,USER_4471,Mobile,Social,2024-08-02,21:04:49
3375,USER_4157,Mobile,Social,2024-07-24,10:59:56
3376,USER_3067,Mobile,Paid Search,2024-12-14,01:27:25
3377,USER_1699,Mobile,Organic,2024-12-24,13:09:26
3378,USER_7936,Desktop,Organic,2024-10-10,15:01:21
3379,USER_2283,Desktop,Social,2024-06-04,11:07:19
3380,USER_8133,Mobile,Paid Search,2024-06-09,07:31:56
3381,USER_4308,Desktop,Paid Search,2024-06-25,15:59:25
3382,USER_3422,Mobile,Organic,2024-01-05,18:13:25
3383,USER_5225,Desktop,Social,2024-05-23,13:54:15
3384,USER_6238,Desktop,Email,2024-09-27,09:15:39
3385,USER_2097,Desktop,Organic,2024-11-08,05:21:10
3386,USER_2425,Tablet,Paid Search,2024-03-16,19:20:37
3387,USER_7358,Desktop,Direct,2024-12-24,12:54:05
3388,USER_7510,Mobile,Paid Search,2024-07-25,03:05:05
3389,USER_6343,Desktop,Social,2024-08-16,23:00:09
3390,USER_5525,Mobile,Organic,2024-11-25,17:27:31
3391,USER_9514,Desktop,Social,2024-04-15,02:59:50
3392,USER_8506,Tablet,Organic,2024-10-05,22:41:09
3393,USER_1202,Tablet,Direct,2024-11-15,01:00:30
3394,USER_9561,Desktop,Social,2024-11-12,05:02:08
3395,USER_7874,Tablet,Email,2024-11-29,09:53:23
3396,USER_2843,Tablet,Social,2024-08-14,21:43:58
3397,USER_7790,Mobile,Social,2024-12-23,22:22:42
3398,USER_3451,Mobile,Paid Search,2024-06-25,18:05:02
3399,USER_3428,Desktop,Email,2024-11-28,05:57:19
3400,USER_2641,Mobile,Direct,2024-07-26,10:06:02
3401,USER_2730,Desktop,Paid Search,2024-04-11,18:05:02
3402,USER_2654,Desktop,Direct,2024-06-03,19:00:52
3403,USER_5687,Tablet,Social,2024-02-13,06:50:10
3404,USER_9775,Desktop,Paid Search,2024-01-19,12:52:31
3405,USER_6633,Mobile,Paid Search,2024-10-02,03:17:37
3406,USER_7732,Mobile,Organic,2024-06-20,09:39:53
3407,USER_5327,Tablet,Organic,2024-07-18,16:04:53
3408,USER_7275,Tablet,Organic,2024-03-05,19:18:08
3409,USER_8955,Desktop,Paid Search,2024-09-23,02:29:38
3410,USER_8750,Desktop,Paid Search,2024-10-03,08:10:41
3411,USER_1613,Mobile,Paid Search,2024-05-25,22:32:06
3412,USER_3821,Desktop,Direct,2024-04-19,15:38:14
3413,USER_5512,Desktop,Paid Search,2024-02-17,22:18:02
3414,USER_7602,Desktop,Paid Search,2024-09-18,12:54:21
3415,USER_3356,Mobile,Organic,2024-10-09,21:10:44
3416,USER_7581,Mobile,Organic,2024-06-08,15:51:28
3417,USER_1635,Desktop,Email,2024-09-23,11:32:19
3418,USER_7484,Mobile,Social,2024-06-23,09:41:45
3419,USER_6431,Desktop,Email,2024-11-21,12:26:51
3420,USER_4892,Desktop,Organic,2024-03-22,07:50:54
3421,USER_1807,Mobile,Social,2024-01-12,09:42:20
3422,USER_8785,Mobile,Organic,2024-01-15,06:15:29
3423,USER_5400,Mobile,Organic,2024-10-03,04:45:09
3424,USER_7102,Desktop,Organic,2024-10-30,01:05:03
3425,USER_1331,Mobile,Organic,2024-05-12,18:56:07
3426,USER_6535,Mobile,Paid Search,2024-05-03,04:06:28
3427,USER_5965,Mobile,Organic,2024-06-04,04:09:46
3428,USER_6094,Mobile,Direct,2024-08-04,02:18:49
3429,USER_5593,Tablet,Paid Search,2024-09-15,10:44:20
3430,USER_9054,Mobile,Organic,2024-02-26,18:15:45
3431,USER_2609,Mobile,Organic,2024-01-31,15:27:26
3432,USER_4734,Tablet,Social,2024-07-09,03:59:41
3433,USER_3201,Mobile,Organic,2024-05-12,21:42:35
3434,USER_5923,Mobile,Email,2024-11-17,23:37:19
3435,USER_8259,Mobile,Direct,2024-09-16,22:13:57
3436,USER_6257,Desktop,Organic,2024-06-30,15:41:02
3437,USER_5414,Desktop,Paid Search,2024-03-04,11:10:25
3438,USER_7828,Mobile,Organic,2024-01-25,06:22:04
3439,USER_2462,Tablet,Social,2024-11-29,01:02:53
3440,USER_4079,Tablet,Paid Search,2024-03-04,08:24:11
3441,USER_8237,Desktop,Organic,2024-08-17,15:29:42
3442,USER_4463,Mobile,Organic,2024-06-01,12:50:45
3443,USER_7671,Desktop,Social,2024-10-20,10:28:08
3444,USER_8937,Tablet,Paid Search,2024-01-03,10:47:45
3445,USER_9462,Tablet,Organic,2024-08-20,13:42:20
3446,USER_7126,Mobile,Social,2024-06-22,18:55:44
3447,USER_1920,Mobile,Social,2024-04-30,05:00:55
3448,USER_9442,Mobile,Email,2024-10-24,05:16:26
3449,USER_3604,Mobile,Organic,2024-10-16,02:31:56
3450,USER_2075,Desktop,Email,2024-12-31,10:09:02
3451,USER_6097,Mobile,Social,2024-11-17,04:15:32
3452,USER_9303,Mobile,Organic,2024-12-06,19:31:17
3453,USER_7609,Mobile,Social,2024-09-30,06:46:11
3454,USER_3222,Desktop,Paid Search,2024-10-31,13:02:49
3455,USER_9589,Tablet,Direct,2024-04-29,00:40:23
3456,USER_1474,Desktop,Organic,2024-06-28,22:21:51
3457,USER_3846,Mobile,Social,2024-06-02,19:23:21
3458,USER_4158,Mobile,Paid Search,2024-05-25,00:06:30
3459,USER_4288,Mobile,Direct,2024-12-07,16:12:13
3460,USER_1944,Mobile,Paid Search,2024-10-20,04:21:43
3461,USER_5087,Desktop,Direct,2024-12-10,21:54:47
3462,USER_1541,Desktop,Direct,2024-03-12,23:32:17
3463,USER_8478,Mobile,Organic,2024-12-31,16:25:56
3464,USER_1828,Mobile,Email,2024-07-12,16:37:39
3465,USER_6904,Desktop,Direct,2024-09-23,19:12:27
3466,USER_4262,Mobile,Organic,2024-05-06,23:51:02
3467,USER_5488,Mobile,Paid Search,2024-02-23,14:46:37
3468,USER_7035,Mobile,Paid Search,2024-06-16,17:18:34
3469,USER_8605,Mobile,Organic,2024-09-21,14:02:18
3470,USER_9275,Desktop,Organic,2024-10-25,10:01:26
3471,USER_7503,Desktop,Organic,2024-04-08,18:40:50
3472,USER_3029,Mobile,Organic,2024-07-03,02:30:53
3473,USER_1500,Mobile,Paid Search,2024-08-20,13:59:29
3474,USER_4963,Mobile,Organic,2024-02-20,19:36:14
3475,USER_7102,Mobile,Email,2024-03-16,10:53:37
3476,USER_9008,Mobile,Social,2024-12-30,07:28:16
3477,USER_8308,Tablet,Organic,2024-08-05,09:57:41
3478,USER_3909,Mobile,Social,2024-07-29,01:52:14
3479,USER_8775,Mobile,Social,2024-02-11,21:57:37
3480,USER_6730,Mobile,Direct,2024-02-17,08:25:16
3481,USER_6640,Desktop,Organic,2024-02-01,00:33:14
3482,USER_3679,Mobile,Organic,2024-08-05,01:14:52
3483,USER_5237,Desktop,Direct,2024-03-07,14:15:25
3484,USER_2480,Tablet,Direct,2024-08-31,00:27:03
3485,USER_5670,Mobile,Social,2024-04-19,02:51:51
3486,USER_1449,Mobile,Email,2024-08-16,08:34:52
3487,USER_7333,Desktop,Organic,2024-02-09,17:26:01
3488,USER_1813,Desktop,Paid Search,2024-07-08,16:55:46
3489,USER_3669,Desktop,Organic,2024-12-12,20:50:19
3490,USER_4511,Mobile,Organic,2024-09-26,19:42:03
3491,USER_4626,Desktop,Email,2024-07-25,15:37:13
3492,USER_4688,Mobile,Organic,2024-10-28,17:42:35
3493,USER_4387,Tablet,Paid Search,2024-10-13,09:49:07
3494,USER_5408,Tablet,Direct,2024-09-22,07:59:24
3495,USER_7709,Mobile,Organic,2024-07-21,17:46:21
3496,USER_9409,Desktop,Direct,2024-05-15,05:34:41
3497,USER_1328,Tablet,Direct,2024-10-26,06:00:43
3498,USER_1145,Tablet,Social,2024-09-12,13:05:21
3499,USER_8767,Desktop,Organic,2024-11-21,20:15:30
3500,USER_3167,Mobile,Paid Search,2024-08-04,00:06:08
3501,USER_3837,Desktop,Paid Search,2024-08-13,23:46:16
3502,USER_1138,Mobile,Paid Search,2024-12-18,05:42:18
3503,USER_4666,Tablet,Organic,2024-09-07,21:16:26
3504,USER_5135,Desktop,Direct,2024-08-01,05:57:27
3505,USER_6004,Tablet,Organic,2024-03-24,06:46:10
3506,USER_5511,Mobile,Social,2024-03-14,11:06:48
3507,USER_7943,Tablet,Organic,2024-09-15,09:19:34
3508,USER_7168,Mobile,Social,2024-03-06,22:35:40
3509,USER_6713,Mobile,Direct,2024-09-05,02:04:09
3510,USER_8520,Desktop,Organic,2024-12-30,03:54:59
3511,USER_5128,Desktop,Organic,2024-08-22,00:15:04
3512,USER_4575,Desktop,Social,2024-03-07,08:11:07
3513,USER_8646,Tablet,Social,2024-12-26,14:21:07
3514,USER_5950,Mobile,Social,2024-09-19,16:49:53
3515,USER_9530,Tablet,Paid Search,2024-09-27,17:29:32
3516,USER_7506,Tablet,Organic,2024-03-01,03:30:42
3517,USER_2676,Desktop,Direct,2024-12-21,19:17:50
3518,USER_1120,Desktop,Direct,2024-04-18,02:22:50
3519,USER_9380,Desktop,Paid Search,2024-08-21,02:22:11
3520,USER_7131,Desktop,Email,2024-08-30,12:51:12
3521,USER_5631,Desktop,Paid Search,2024-01-17,17:16:46
3522,USER_5890,Mobile,Paid Search,2024-03-21,00:58:58
3523,USER_2771,Desktop,Organic,2024-10-13,19:51:50
3524,USER_8892,Desktop,Paid Search,2024-07-08,02:04:10
3525,USER_2045,Desktop,Paid Search,2024-03-01,04:21:10
3526,USER_6509,Desktop,Organic,2024-11-04,16:52:44
3527,USER_5529,Tablet,Paid Search,2024-07-28,17:12:30
3528,USER_6327,Mobile,Email,2024-02-26,20:22:01
3529,USER_5536,Tablet,Social,2024-03-02,10:54:24
3530,USER_5278,Mobile,Social,2024-07-08,13:06:51
3531,USER_5895,Desktop,Direct,2024-10-19,16:49:51
3532,USER_4086,Mobile,Organic,2024-05-28,12:13:10
3533,USER_3456,Desktop,Social,2024-01-21,06:39:40
3534,USER_9475,Desktop,Email,2024-09-24,15:49:37
3535,USER_4937,Desktop,Paid Search,2024-03-19,23:44:04
3536,USER_1930,Desktop,Paid Search,2024-03-01,23:14:53
3537,USER_7620,Desktop,Organic,2024-07-09,21:59:58
3538,USER_6236,Desktop,Email,2024-06-05,15:35:49
3539,USER_3292,Mobile,Paid Search,2024-07-10,14:24:20
3540,USER_1417,Desktop,Email,2024-06-04,20:23:12
3541,USER_9148,Desktop,Social,2024-05-30,01:02:28
3542,USER_5843,Mobile,Social,2024-09-05,06:00:36
3543,USER_5250,Desktop,Email,2024-01-15,11:01:42
3544,USER_7857,Desktop,Social,2024-03-14,11:41:21
3545,USER_7628,Tablet,Paid Search,2024-03-13,13:47:53
3546,USER_7361,Desktop,Paid Search,2024-10-28,00:20:55
3547,USER_1578,Desktop,Email,2024-08-03,14:05:08
3548,USER_4111,Mobile,Paid Search,2024-01-25,03:38:33
3549,USER_6622,Desktop,Paid Search,2024-06-05,17:49:07
3550,USER_4643,Mobile,Organic,2024-05-25,18:08:30
3551,USER_9759,Mobile,Direct,2024-04-20,15:35:35
3552,USER_8794,Desktop,Organic,2024-04-03,23:48:21
3553,USER_6873,Mobile,Social,2024-09-07,03:39:51
3554,USER_9311,Mobile,Paid Search,2024-01-02,01:50:53
3555,USER_5918,Desktop,Paid Search,2024-03-03,20:20:15
3556,USER_3785,Mobile,Social,2024-10-07,09:34:52
3557,USER_3967,Desktop,Organic,2024-06-27,13:18:02
3558,USER_5813,Mobile,Social,2024-02-04,03:03:19
3559,USER_2599,Desktop,Email,2024-01-23,21:08:44
3560,USER_8713,Mobile,Email,2024-08-01,08:52:24
3561,USER_3096,Desktop,Organic,2024-09-03,04:17:21
3562,USER_5237,Mobile,Email,2024-10-20,13:04:33
3563,USER_3999,Desktop,Social,2024-06-07,11:04:31
3564,USER_6499,Mobile,Email,2024-10-16,09:47:19
3565,USER_2463,Mobile,Paid Search,2024-08-19,13:01:01
3566,USER_4641,Mobile,Paid Search,2024-06-21,09:20:11
3567,USER_6820,Mobile,Direct,2024-07-12,22:05:55
3568,USER_4659,Mobile,Email,2024-08-31,04:59:33
3569,USER_6031,Mobile,Paid Search,2024-11-06,19:38:54
3570,USER_7889,Tablet,Organic,2024-03-08,03:23:07
3571,USER_6428,Desktop,Paid Search,2024-03-11,03:16:49
3572,USER_7089,Mobile,Paid Search,2024-09-15,10:20:56
3573,USER_5269,Mobile,Organic,2024-11-21,03:11:36
3574,USER_5817,Tablet,Organic,2024-08-23,06:37:51
3575,USER_8598,Tablet,Email,2024-08-18,02:14:03
3576,USER_2929,Desktop,Organic,2024-12-07,08:19:53
3577,USER_8709,Desktop,Social,2024-08-17,17:48:34
3578,USER_1879,Mobile,Organic,2024-03-17,02:51:45
3579,USER_2166,Mobile,Paid Search,2024-06-15,17:59:36
3580,USER_8736,Mobile,Organic,2024-02-15,22:34:19
3581,USER_4187,Mobile,Organic,2024-11-15,17:42:19
3582,USER_9199,Mobile,Email,2024-12-06,03:57:25
3583,USER_2963,Desktop,Email,2024-11-15,01:19:58
3584,USER_7253,Tablet,Organic,2024-07-28,13:05:42
3585,USER_9680,Mobile,Paid Search,2024-07-17,10:17:47
3586,USER_5888,Desktop,Paid Search,2024-04-29,01:08:04
3587,USER_7768,Mobile,Email,2024-07-21,03:37:00
3588,USER_1885,Mobile,Email,2024-06-22,03:57:30
3589,USER_3470,Desktop,Paid Search,2024-10-03,01:30:51
3590,USER_3250,Desktop,Social,2024-01-24,11:25:34
3591,USER_4281,Tablet,Email,2024-12-09,03:16:10
3592,USER_6614,Desktop,Organic,2024-08-14,18:35:57
3593,USER_7704,Mobile,Paid Search,2024-05-22,07:05:21
3594,USER_8496,Mobile,Direct,2024-11-26,05:11:41
3595,USER_3346,Mobile,Social,2024-02-15,18:44:55
3596,USER_6183,Mobile,Paid Search,2024-03-25,03:40:51
3597,USER_3954,Desktop,Paid Search,2024-12-28,00:30:13
3598,USER_2324,Mobile,Paid Search,2024-01-13,23:45:08
3599,USER_8988,Desktop,Paid Search,2024-10-19,05:47:52
3600,USER_6449,Mobile,Social,2024-11-18,21:32:15
3601,USER_3897,Desktop,Paid Search,2024-12-28,13:00:43
3602,USER_6134,Mobile,Social,2024-06-07,16:56:17
3603,USER_1950,Desktop,Email,2024-10-14,18:50:46
3604,USER_1077,Desktop,Organic,2024-11-26,06:31:35
3605,USER_8406,Desktop,Paid Search,2024-03-04,07:03:27
3606,USER_5481,Desktop,Paid Search,2024-11-25,06:39:42
3607,USER_4430,Mobile,Social,2024-10-13,12:12:52
3608,USER_3762,Desktop,Organic,2024-02-13,16:18:22
3609,USER_3595,Tablet,Social,2024-04-08,04:25:37
3610,USER_9021,Tablet,Email,2024-11-12,13:58:37
3611,USER_2442,Mobile,Paid Search,2024-10-04,09:17:15
3612,USER_3120,Desktop,Direct,2024-10-22,19:54:56
3613,USER_8105,Desktop,Direct,2024-01-28,03:45:26
3614,USER_8035,Mobile,Organic,2024-10-18,08:41:38
3615,USER_7609,Desktop,Organic,2024-09-24,15:00:07
3616,USER_8029,Desktop,Direct,2024-04-06,12:37:12
3617,USER_8821,Mobile,Direct,2024-08-31,23:16:44
3618,USER_7280,Mobile,Organic,2024-09-14,04:36:11
3619,USER_1076,Mobile,Organic,2024-01-10,20:37:07
3620,USER_1618,Desktop,Organic,2024-03-02,21:15:08
3621,USER_9745,Mobile,Direct,2024-12-03,22:02:14
3622,USER_4267,Desktop,Organic,2024-09-29,07:47:02
3623,USER_7112,Desktop,Paid Search,2024-04-02,23:04:43
3624,USER_1230,Tablet,Email,2024-01-10,12:08:13
3625,USER_6279,Desktop,Organic,2024-05-20,08:07:36
3626,USER_9700,Desktop,Social,2024-04-15,00:41:13
3627,USER_4122,Desktop,Organic,2024-05-05,22:07:53
3628,USER_1293,Tablet,Email,2024-12-27,22:00:26
3629,USER_1067,Mobile,Organic,2024-10-23,03:21:13
3630,USER_5076,Mobile,Social,2024-08-15,14:09:09
3631,USER_4707,Mobile,Social,2024-02-13,23:41:50
3632,USER_6641,Desktop,Organic,2024-09-30,03:55:23
3633,USER_6113,Mobile,Organic,2024-11-06,10:26:24
3634,USER_3112,Desktop,Paid Search,2024-06-13,21:33:43
3635,USER_2682,Desktop,Organic,2024-07-24,08:28:42
3636,USER_7284,Mobile,Email,2024-10-28,06:54:40
3637,USER_9246,Tablet,Email,2024-01-24,04:13:24
3638,USER_6015,Desktop,Paid Search,2024-09-08,11:12:55
3639,USER_3736,Desktop,Social,2024-01-12,21:54:42
3640,USER_2069,Desktop,Social,2024-06-23,07:31:31
3641,USER_1749,Desktop,Email,2024-08-11,08:27:03
3642,USER_5885,Tablet,Paid Search,2024-04-02,08:00:27
3643,USER_5764,Mobile,Organic,2024-07-31,14:10:03
3644,USER_8469,Mobile,Organic,2024-01-13,01:47:29
3645,USER_9524,Mobile,Paid Search,2024-09-27,16:18:13
3646,USER_9587,Desktop,Paid Search,2024-06-11,13:07:56
3647,USER_6535,Mobile,Paid Search,2024-07-14,09:09:18
3648,USER_8105,Mobile,Organic,2024-05-11,08:11:27
3649,USER_3192,Mobile,Social,2024-02-16,00:30:50
3650,USER_6615,Tablet,Organic,2024-02-28,16:04:37
3651,USER_9031,Mobile,Organic,2024-02-20,14:22:19
3652,USER_6885,Desktop,Paid Search,2024-10-04,20:14:28
3653,USER_4087,Mobile,Organic,2024-03-27,06:44:55
3654,USER_3701,Desktop,Social,2024-05-26,08:53:30
3655,USER_7609,Desktop,Paid Search,2024-03-14,12:17:10
3656,USER_1313,Desktop,Paid Search,2024-04-03,15:14:28
3657,USER_4742,Desktop,Paid Search,2024-05-10,04:01:49
3658,USER_4675,Mobile,Organic,2024-02-15,07:41:31
3659,USER_3149,Mobile,Organic,2024-03-19,12:14:35
3660,USER_4460,Tablet,Email,2024-06-06,16:41:59
3661,USER_1359,Mobile,Paid Search,2024-07-27,04:07:17
3662,USER_9267,Mobile,Paid Search,2024-12-13,23:23:33
3663,USER_3768,Desktop,Organic,2024-03-27,08:44:06
3664,USER_3017,Desktop,Paid Search,2024-01-31,08:55:42
3665,USER_7006,Mobile,Social,2024-11-10,16:51:19
3666,USER_1612,Mobile,Social,2024-06-15,23:25:01
3667,USER_7147,Mobile,Social,2024-04-02,02:36:56
3668,USER_5190,Desktop,Organic,2024-01-14,03:15:57
3669,USER_9761,Desktop,Organic,2024-12-31,09:16:51
3670,USER_1796,Mobile,Email,2024-01-30,07:48:42
3671,USER_1785,Desktop,Direct,2024-06-01,17:54:39
3672,USER_2771,Desktop,Organic,2024-07-18,18:51:59
3673,USER_1323,Mobile,Paid Search,2024-02-20,16:58:11
3674,USER_1790,Desktop,Organic,2024-06-12,20:31:33
3675,USER_2897,Mobile,Organic,2024-03-13,00:09:01
3676,USER_7828,Desktop,Paid Search,2024-07-30,10:49:44
3677,USER_8279,Desktop,Organic,2024-06-14,17:26:36
3678,USER_7230,Desktop,Social,2024-05-12,10:00:30
3679,USER_3024,Mobile,Paid Search,2024-07-11,06:11:06
3680,USER_9966,Desktop,Organic,2024-03-02,23:19:46
3681,USER_5140,Mobile,Organic,2024-01-27,13:16:44
3682,USER_8772,Desktop,Email,2024-04-13,08:37:12
3683,USER_3508,Mobile,Organic,2024-05-02,20:25:42
3684,USER_4366,Desktop,Social,2024-11-01,19:36:36
3685,USER_1152,Mobile,Paid Search,2024-10-27,11:06:24
3686,USER_5933,Mobile,Social,2024-05-01,15:39:12
3687,USER_7895,Tablet,Paid Search,2024-09-09,07:20:02
3688,USER_2654,Desktop,Organic,2024-09-17,10:22:30
3689,USER_9524,Desktop,Organic,2024-09-15,07:34:21
3690,USER_5423,Desktop,Organic,2024-07-16,15:14:27
3691,USER_3247,Mobile,Paid Search,2024-02-28,17:01:44
3692,USER_7862,Mobile,Social,2024-05-17,02:06:36
3693,USER_2718,Mobile,Organic,2024-02-01,04:14:26
3694,USER_9381,Desktop,Organic,2024-06-11,01:13:29
3695,USER_2928,Desktop,Paid Search,2024-08-25,13:34:47
3696,USER_5631,Desktop,Social,2024-10-10,02:06:43
3697,USER_2867,Tablet,Direct,2024-07-27,17:28:45
3698,USER_2741,Mobile,Social,2024-02-03,04:14:47
3699,USER_9154,Tablet,Paid Search,2024-09-04,06:13:23
3700,USER_4254,Desktop,Social,2024-01-15,03:02:16
3701,USER_4272,Mobile,Direct,2024-07-27,00:58:37
3702,USER_5308,Mobile,Email,2024-11-20,13:07:17
3703,USER_9571,Desktop,Paid Search,2024-04-29,20:37:56
3704,USER_4304,Mobile,Organic,2024-01-10,14:57:13
3705,USER_6864,Tablet,Organic,2024-05-17,02:21:59
3706,USER_7713,Tablet,Paid Search,2024-10-10,07:39:07
3707,USER_5839,Mobile,Social,2024-10-27,02:51:16
3708,USER_3627,Desktop,Paid Search,2024-12-11,19:34:47
3709,USER_1645,Desktop,Organic,2024-02-21,20:48:15
3710,USER_9980,Tablet,Social,2024-05-06,01:30:44
3711,USER_9132,Desktop,Email,2024-10-11,08:34:10
3712,USER_4402,Mobile,Organic,2024-11-29,21:48:44
3713,USER_8875,Mobile,Social,2024-03-05,23:00:59
3714,USER_6416,Mobile,Paid Search,2024-06-04,15:52:13
3715,USER_4842,Tablet,Email,2024-10-17,13:56:21
3716,USER_1044,Desktop,Email,2024-07-27,03:05:32
3717,USER_1208,Desktop,Paid Search,2024-08-16,18:14:59
3718,USER_2458,Desktop,Social,2024-02-12,18:17:00
3719,USER_2809,Mobile,Email,2024-11-21,13:44:22
3720,USER_9095,Desktop,Paid Search,2024-09-13,11:48:28
3721,USER_3443,Desktop,Paid Search,2024-04-14,17:44:10
3722,USER_2475,Mobile,Email,2024-03-13,00:47:06
3723,USER_9383,Tablet,Organic,2024-07-10,20:36:01
3724,USER_2229,Desktop,Paid Search,2024-10-03,21:17:12
3725,USER_2659,Desktop,Email,2024-03-27,05:52:10
3726,USER_5192,Tablet,Social,2024-05-05,07:47:02
3727,USER_4787,Desktop,Paid Search,2024-10-02,23:11:12
3728,USER_8483,Desktop,Organic,2024-08-04,06:12:08
3729,USER_5850,Desktop,Paid Search,2024-10-11,09:29:03
3730,USER_5327,Mobile,Organic,2024-08-19,21:28:14
3731,USER_8606,Desktop,Organic,2024-01-22,19:08:02
3732,USER_1820,Tablet,Social,2024-01-01,03:46:58
3733,USER_2635,Mobile,Organic,2024-08-25,23:13:23
3734,USER_3862,Mobile,Paid Search,2024-11-13,20:48:56
3735,USER_1646,Desktop,Paid Search,2024-05-28,09:53:43
3736,USER_5760,Mobile,Direct,2024-11-30,13:09:44
3737,USER_6901,Mobile,Paid Search,2024-03-26,02:53:57
3738,USER_6123,Mobile,Organic,2024-01-01,05:30:24
3739,USER_7979,Mobile,Organic,2024-01-31,00:10:23
3740,USER_2898,Mobile,Social,2024-09-03,01:34:11
3741,USER_2556,Tablet,Social,2024-05-19,21:53:57
3742,USER_1751,Mobile,Paid Search,2024-11-02,13:06:05
3743,USER_1158,Mobile,Paid Search,2024-05-08,05:13:04
3744,USER_3267,Desktop,Organic,2024-12-14,04:26:06
3745,USER_3793,Desktop,Paid Search,2024-07-13,13:14:44
3746,USER_6384,Desktop,Paid Search,2024-06-28,05:17:45
3747,USER_6857,Mobile,Organic,2024-11-19,16:45:35
3748,USER_8171,Mobile,Organic,2024-04-18,21:33:57
3749,USER_5395,Mobile,Organic,2024-10-26,18:57:58
3750,USER_2522,Tablet,Organic,2024-09-18,18:21:56
3751,USER_7105,Tablet,Social,2024-05-24,14:10:53
3752,USER_6615,Tablet,Organic,2024-01-24,19:34:42
3753,USER_3996,Desktop,Organic,2024-03-23,18:13:28
3754,USER_2865,Mobile,Organic,2024-09-30,13:11:39
3755,USER_7566,Desktop,Direct,2024-10-15,14:17:20
3756,USER_7557,Desktop,Email,2024-02-05,08:38:13
3757,USER_8479,Desktop,Organic,2024-06-02,23:51:49
3758,USER_5453,Desktop,Paid Search,2024-02-15,00:12:25
3759,USER_7319,Mobile,Organic,2024-07-21,09:24:49
3760,USER_8835,Mobile,Paid Search,2024-12-23,17:29:59
3761,USER_7909,Desktop,Organic,2024-03-03,02:55:37
3762,USER_3732,Mobile,Social,2024-03-12,03:50:44
3763,USER_2852,Mobile,Paid Search,2024-10-11,04:57:03
3764,USER_3171,Desktop,Email,2024-05-23,07:47:44
3765,USER_1960,Mobile,Organic,2024-08-09,17:54:07
3766,USER_3611,Desktop,Email,2024-04-17,17:30:25
3767,USER_2699,Mobile,Email,2024-11-08,20:37:45
3768,USER_7816,Mobile,Organic,2024-09-15,23:52:08
3769,USER_8908,Desktop,Paid Search,2024-06-11,01:33:11
3770,USER_8178,Desktop,Organic,2024-12-15,17:56:14
3771,USER_3969,Mobile,Organic,2024-06-24,04:15:58
3772,USER_7221,Tablet,Organic,2024-11-21,01:32:54
3773,USER_6875,Desktop,Social,2024-05-13,19:34:56
3774,USER_1472,Mobile,Paid Search,2024-12-28,02:15:34
3775,USER_3140,Mobile,Direct,2024-08-19,17:05:21
3776,USER_8914,Tablet,Organic,2024-05-19,16:34:05
3777,USER_8997,Mobile,Direct,2024-05-05,08:16:21
3778,USER_2850,Mobile,Organic,2024-12-05,17:08:52
3779,USER_7738,Mobile,Email,2024-06-13,05:02:27
3780,USER_8220,Tablet,Paid Search,2024-06-23,15:54:53
3781,USER_1753,Desktop,Organic,2024-04-17,06:08:51
3782,USER_2037,Desktop,Email,2024-08-23,07:44:40
3783,USER_5286,Desktop,Paid Search,2024-11-02,02:33:09
3784,USER_6148,Mobile,Social,2024-06-17,19:28:04
3785,USER_1202,Mobile,Social,2024-01-09,13:46:40
3786,USER_9598,Desktop,Paid Search,2024-12-20,17:05:47
3787,USER_4669,Mobile,Paid Search,2024-03-09,10:29:10
3788,USER_6542,Mobile,Social,2024-11-26,21:17:54
3789,USER_9504,Desktop,Organic,2024-01-02,10:01:02
3790,USER_9570,Tablet,Social,2024-11-07,00:49:01
3791,USER_2560,Desktop,Email,2024-08-31,21:44:01
3792,USER_8091,Desktop,Organic,2024-01-03,23:01:05
3793,USER_5072,Mobile,Organic,2024-01-05,10:10:48
3794,USER_8895,Mobile,Social,2024-12-10,23:51:40
3795,USER_6664,Desktop,Paid Search,2024-03-29,18:05:05
3796,USER_7305,Mobile,Paid Search,2024-07-30,22:12:30
3797,USER_3435,Mobile,Organic,2024-10-11,03:28:50
3798,USER_1894,Desktop,Paid Search,2024-12-22,17:41:23
3799,USER_1190,Desktop,Organic,2024-12-26,01:50:40
3800,USER_3571,Mobile,Paid Search,2024-09-07,23:38:01
3801,USER_9283,Desktop,Email,2024-07-20,23:09:22
3802,USER_8688,Tablet,Organic,2024-10-02,10:24:43
3803,USER_9123,Mobile,Paid Search,2024-02-11,03:50:58
3804,USER_3709,Tablet,Direct,2024-11-28,16:41:18
3805,USER_2226,Desktop,Social,2024-11-29,09:16:10
3806,USER_9055,Tablet,Email,2024-02-09,02:34:52
3807,USER_6253,Mobile,Paid Search,2024-10-02,04:38:42
3808,USER_4946,Desktop,Email,2024-01-16,18:34:30
3809,USER_6421,Desktop,Organic,2024-12-09,09:31:33
3810,USER_5557,Desktop,Organic,2024-08-15,02:09:11
3811,USER_1824,Mobile,Organic,2024-12-10,09:32:39
3812,USER_9305,Mobile,Paid Search,2024-03-04,01:20:24
3813,USER_4648,Desktop,Email,2024-06-29,15:02:32
3814,USER_7203,Mobile,Paid Search,2024-07-11,13:29:01
3815,USER_7607,Desktop,Social,2024-11-03,01:38:03
3816,USER_4850,Mobile,Social,2024-07-02,00:42:16
3817,USER_2291,Desktop,Social,2024-07-17,07:24:22
3818,USER_8521,Mobile,Paid Search,2024-03-31,20:21:05
3819,USER_8277,Mobile,Social,2024-12-22,11:46:33
3820,USER_8341,Mobile,Paid Search,2024-01-05,08:33:09
3821,USER_2442,Desktop,Organic,2024-03-04,12:24:36
3822,USER_9166,Desktop,Direct,2024-08-24,03:15:26
3823,USER_8324,Mobile,Organic,2024-07-08,04:51:17
3824,USER_6178,Desktop,Organic,2024-04-08,16:14:20
3825,USER_2944,Desktop,Email,2024-08-15,11:42:03
3826,USER_9148,Desktop,Paid Search,2024-01-05,11:19:52
3827,USER_1291,Mobile,Social,2024-04-23,05:50:36
3828,USER_2681,Mobile,Paid Search,2024-01-11,12:46:02
3829,USER_7609,Mobile,Paid Search,2024-05-23,17:45:02
3830,USER_7755,Desktop,Organic,2024-12-14,20:30:03
3831,USER_1587,Desktop,Paid Search,2024-12-29,13:13:15
3832,USER_9996,Mobile,Paid Search,2024-07-02,13:38:54
3833,USER_1002,Mobile,Social,2024-04-08,19:35:29
3834,USER_2489,Desktop,Paid Search,2024-02-16,19:22:50
3835,USER_5990,Mobile,Direct,2024-11-10,00:49:39
3836,USER_9328,Desktop,Organic,2024-11-16,20:54:59
3837,USER_4389,Tablet,Paid Search,2024-06-04,16:11:08
3838,USER_8474,Desktop,Social,2024-04-23,02:03:17
3839,USER_6584,Tablet,Direct,2024-04-29,01:59:07
3840,USER_6953,Mobile,Organic,2024-09-09,12:16:53
3841,USER_1889,Mobile,Social,2024-07-04,16:07:56
3842,USER_4652,Desktop,Email,2024-01-19,17:58:33
3843,USER_8445,Mobile,Organic,2024-05-23,23:00:16
3844,USER_6439,Mobile,Email,2024-09-09,20:46:16
3845,USER_8751,Desktop,Organic,2024-12-26,20:11:35
3846,USER_6952,Mobile,Social,2024-12-27,15:31:56
3847,USER_8414,Tablet,Direct,2024-11-06,07:33:12
3848,USER_2868,Mobile,Social,2024-04-17,12:45:48
3849,USER_2596,Mobile,Paid Search,2024-01-04,06:33:41
3850,USER_4633,Desktop,Organic,2024-04-10,02:25:17
3851,USER_1035,Mobile,Direct,2024-11-22,07:09:43
3852,USER_6592,Desktop,Paid Search,2024-07-21,02:09:44
3853,USER_6818,Mobile,Organic,2024-02-26,12:39:43
3854,USER_5783,Tablet,Social,2024-05-22,09:46:10
3855,USER_9973,Mobile,Paid Search,2024-10-18,16:36:41
3856,USER_9552,Desktop,Organic,2024-09-13,21:42:46
3857,USER_7125,Desktop,Organic,2024-09-09,09:26:19
3858,USER_2741,Mobile,Organic,2024-03-28,05:01:15
3859,USER_1750,Mobile,Social,2024-10-09,13:48:45
3860,USER_3689,Mobile,Social,2024-04-09,04:23:46
3861,USER_9067,Mobile,Paid Search,2024-12-03,23:54:33
3862,USER_3301,Mobile,Email,2024-10-16,13:13:06
3863,USER_7704,Desktop,Email,2024-12-10,09:49:16
3864,USER_2752,Desktop,Social,2024-12-15,02:29:55
3865,USER_5166,Desktop,Organic,2024-11-04,01:52:24
3866,USER_4209,Desktop,Social,2024-10-16,09:40:24
3867,USER_4072,Mobile,Paid Search,2024-03-30,05:22:48
3868,USER_2978,Mobile,Social,2024-02-03,11:48:18
3869,USER_7437,Mobile,Social,2024-10-28,01:11:25
3870,USER_4532,Desktop,Paid Search,2024-03-06,07:46:43
3871,USER_8488,Desktop,Direct,2024-02-03,11:21:34
3872,USER_4122,Desktop,Organic,2024-03-06,21:11:18
3873,USER_6536,Desktop,Social,2024-05-12,06:55:58
3874,USER_2765,Mobile,Organic,2024-10-18,23:01:42
3875,USER_7790,Desktop,Direct,2024-04-26,02:30:24
3876,USER_1761,Mobile,Organic,2024-09-24,09:26:50
3877,USER_3018,Desktop,Organic,2024-05-20,08:55:18
3878,USER_8381,Tablet,Paid Search,2024-04-08,16:36:52
3879,USER_8493,Mobile,Paid Search,2024-12-13,16:32:58
3880,USER_9260,Desktop,Organic,2024-01-12,00:49:14
3881,USER_3205,Mobile,Social,2024-12-20,23:06:23
3882,USER_9172,Mobile,Paid Search,2024-12-13,07:35:44
3883,USER_1071,Tablet,Organic,2024-09-29,16:33:11
3884,USER_9689,Desktop,Paid Search,2024-11-10,08:21:46
3885,USER_1795,Tablet,Email,2024-05-09,04:29:39
3886,USER_8091,Tablet,Social,2024-12-14,22:03:43
3887,USER_8912,Tablet,Social,2024-10-13,22:21:02
3888,USER_9328,Mobile,Social,2024-08-20,09:43:40
3889,USER_3903,Mobile,Paid Search,2024-01-02,01:54:18
3890,USER_3845,Mobile,Organic,2024-08-06,07:13:58
3891,USER_3103,Mobile,Organic,2024-11-24,06:13:48
3892,USER_2696,Mobile,Email,2024-12-10,11:12:53
3893,USER_7347,Mobile,Direct,2024-11-28,16:16:37
3894,USER_6273,Mobile,Paid Search,2024-01-27,10:56:45
3895,USER_9259,Mobile,Organic,2024-06-14,03:25:46
3896,USER_7302,Mobile,Organic,2024-08-09,07:51:09
3897,USER_7859,Desktop,Paid Search,2024-07-27,03:05:06
3898,USER_5067,Mobile,Social,2024-05-20,22:38:29
3899,USER_5482,Mobile,Organic,2024-03-03,16:29:46
3900,USER_7518,Mobile,Direct,2024-12-14,03:34:03
3901,USER_6617,Mobile,Paid Search,2024-09-22,19:12:15
3902,USER_5819,Desktop,Direct,2024-08-26,18:05:40
3903,USER_8419,Tablet,Email,2024-09-10,21:12:31
3904,USER_3185,Desktop,Email,2024-07-04,06:08:25
3905,USER_3263,Mobile,Social,2024-09-21,20:20:14
3906,USER_7762,Mobile,Social,2024-01-23,01:56:26
3907,USER_9393,Mobile,Social,2024-04-24,01:46:04
3908,USER_5897,Desktop,Social,2024-01-25,02:58:48
3909,USER_9975,Mobile,Social,2024-05-22,19:48:32
3910,USER_6143,Desktop,Direct,2024-08-03,15:48:20
3911,USER_4560,Desktop,Social,2024-09-29,12:06:29
3912,USER_4291,Desktop,Email,2024-08-17,16:54:26
3913,USER_4435,Desktop,Email,2024-06-10,17:46:55
3914,USER_5760,Tablet,Organic,2024-01-03,16:57:00
3915,USER_6657,Tablet,Organic,2024-07-19,00:58:11
3916,USER_3173,Desktop,Paid Search,2024-04-09,06:52:01
3917,USER_3913,Mobile,Paid Search,2024-06-20,00:37:06
3918,USER_9255,Desktop,Email,2024-02-11,10:49:26
3919,USER_9888,Mobile,Paid Search,2024-10-19,03:35:08
3920,USER_6281,Mobile,Social,2024-01-13,19:33:59
3921,USER_2890,Tablet,Paid Search,2024-04-25,00:15:44
3922,USER_6771,Mobile,Organic,2024-12-19,12:21:30
3923,USER_8870,Mobile,Social,2024-08-04,20:44:31
3924,USER_7839,Desktop,Email,2024-02-08,08:46:18
3925,USER_9747,Tablet,Organic,2024-05-07,19:07:46
3926,USER_5684,Desktop,Social,2024-04-10,13:58:00
3927,USER_7920,Mobile,Social,2024-03-25,19:43:13
3928,USER_1209,Mobile,Organic,2024-06-17,12:23:39
3929,USER_9564,Mobile,Organic,2024-06-08,11:08:56
3930,USER_2744,Desktop,Direct,2024-02-02,01:04:19
3931,USER_1414,Tablet,Paid Search,2024-11-16,19:04:51
3932,USER_7240,Desktop,Organic,2024-11-16,03:55:33
3933,USER_3381,Mobile,Organic,2024-02-19,20:49:36
3934,USER_1869,Desktop,Social,2024-01-15,09:06:34
3935,USER_1927,Desktop,Social,2024-09-02,09:14:14
3936,USER_4275,Mobile,Social,2024-08-09,12:33:30
3937,USER_5374,Mobile,Organic,2024-01-13,10:53:01
3938,USER_3636,Desktop,Email,2024-10-30,18:08:48
3939,USER_5695,Desktop,Paid Search,2024-11-16,13:12:10
3940,USER_5105,Mobile,Paid Search,2024-06-20,23:10:13
3941,USER_3399,Mobile,Paid Search,2024-05-08,19:38:32
3942,USER_2016,Tablet,Paid Search,2024-05-06,04:04:15
3943,USER_5835,Desktop,Email,2024-02-25,14:17:21
3944,USER_4342,Desktop,Direct,2024-08-30,10:26:04
3945,USER_9866,Desktop,Paid Search,2024-05-02,02:16:59
3946,USER_1529,Desktop,Email,2024-06-23,01:44:47
3947,USER_6876,Mobile,Email,2024-01-28,23:18:08
3948,USER_8415,Mobile,Direct,2024-06-19,16:34:26
3949,USER_2679,Desktop,Organic,2024-09-23,23:02:53
3950,USER_4675,Desktop,Social,2024-05-01,11:40:01
3951,USER_7371,Desktop,Organic,2024-02-07,10:15:31
3952,USER_4892,Mobile,Email,2024-11-03,12:27:27
3953,USER_9370,Tablet,Organic,2024-11-13,23:02:33
3954,USER_5712,Desktop,Social,2024-08-12,22:06:07
3955,USER_1769,Desktop,Paid Search,2024-02-18,23:08:27
3956,USER_7251,Tablet,Paid Search,2024-11-16,00:02:12
3957,USER_7349,Tablet,Social,2024-08-16,01:33:56
3958,USER_7825,Mobile,Email,2024-10-23,06:23:24
3959,USER_6122,Desktop,Social,2024-03-04,12:56:38
3960,USER_1881,Desktop,Email,2024-02-13,02:52:55
3961,USER_1212,Mobile,Organic,2024-02-01,00:24:09
3962,USER_5117,Desktop,Paid Search,2024-01-18,21:29:04
3963,USER_4327,Desktop,Paid Search,2024-07-12,10:47:13
3964,USER_8259,Mobile,Organic,2024-06-09,03:11:49
3965,USER_4695,Desktop,Social,2024-12-21,06:16:57
3966,USER_7025,Mobile,Social,2024-02-03,10:22:03
3967,USER_9955,Desktop,Social,2024-03-06,13:32:35
3968,USER_4218,Desktop,Social,2024-02-01,05:27:36
3969,USER_4170,Mobile,Social,2024-08-14,03:31:40
3970,USER_5819,Desktop,Organic,2024-01-29,15:27:48
3971,USER_8353,Tablet,Organic,2024-06-03,17:41:57
3972,USER_3906,Mobile,Social,2024-11-08,04:39:13
3973,USER_2220,Desktop,Organic,2024-11-16,16:53:16
3974,USER_4063,Mobile,Organic,2024-08-09,09:47:02
3975,USER_3847,Desktop,Paid Search,2024-02-03,03:15:19
3976,USER_9418,Tablet,Social,2024-02-22,17:00:50
3977,USER_2955,Desktop,Paid Search,2024-12-12,16:28:49
3978,USER_7180,Mobile,Social,2024-01-29,06:21:19
3979,USER_1665,Desktop,Social,2024-10-13,07:30:55
3980,USER_8020,Mobile,Paid Search,2024-01-27,21:58:35
3981,USER_5572,Mobile,Email,2024-05-30,23:57:33
3982,USER_5329,Mobile,Social,2024-07-14,04:26:02
3983,USER_3131,Desktop,Social,2024-07-24,06:14:41
3984,USER_3636,Desktop,Social,2024-02-19,11:39:46
3985,USER_5178,Mobile,Organic,2024-11-12,03:03:06
3986,USER_1092,Tablet,Social,2024-07-29,21:23:28
3987,USER_6415,Desktop,Paid Search,2024-04-29,22:44:01
3988,USER_8640,Mobile,Direct,2024-11-02,19:52:03
3989,USER_3536,Desktop,Email,2024-12-03,16:23:36
3990,USER_1654,Tablet,Social,2024-11-15,18:45:04
3991,USER_3518,Desktop,Organic,2024-01-06,09:18:36
3992,USER_6285,Desktop,Organic,2024-08-20,05:59:01
3993,USER_1833,Mobile,Paid Search,2024-07-15,22:28:16
3994,USER_5934,Desktop,Paid Search,2024-08-25,18:51:10
3995,USER_9037,Mobile,Organic,2024-08-07,12:48:38
3996,USER_6866,Mobile,Paid Search,2024-11-13,22:36:39
3997,USER_2194,Desktop,Organic,2024-11-13,20:26:49
3998,USER_6207,Desktop,Direct,2024-02-21,19:36:51
3999,USER_9608,Mobile,Organic,2024-06-22,12:55:49
4000,USER_4603,Desktop,Direct,2024-11-29,21:18:53
4001,USER_4012,Mobile,Direct,2024-12-11,17:41:38
4002,USER_9529,Mobile,Paid Search,2024-01-14,19:47:46
4003,USER_2117,Mobile,Social,2024-08-20,21:43:48
4004,USER_9276,Desktop,Paid Search,2024-09-21,14:05:56
4005,USER_3611,Desktop,Social,2024-06-17,16:18:09
4006,USER_7814,Desktop,Paid Search,2024-10-27,17:50:23
4007,USER_9897,Desktop,Paid Search,2024-04-08,18:24:40
4008,USER_9798,Mobile,Social,2024-02-25,18:15:09
4009,USER_7609,Mobile,Paid Search,2024-02-22,10:36:06
4010,USER_2506,Desktop,Social,2024-01-07,09:01:49
4011,USER_6724,Desktop,Organic,2024-10-31,16:56:19
4012,USER_4624,Desktop,Paid Search,2024-12-31,18:39:50
4013,USER_4495,Mobile,Organic,2024-02-04,06:11:56
4014,USER_6437,Desktop,Organic,2024-10-30,06:06:11
4015,USER_6424,Mobile,Organic,2024-04-09,07:18:49
4016,USER_6911,Desktop,Organic,2024-10-20,04:49:27
4017,USER_5809,Tablet,Organic,2024-03-05,12:36:35
4018,USER_4579,Tablet,Email,2024-11-22,01:26:39
4019,USER_9691,Desktop,Organic,2024-09-17,22:01:35
4020,USER_8780,Desktop,Social,2024-05-11,15:09:25
4021,USER_1144,Mobile,Organic,2024-06-30,20:07:29
4022,USER_2879,Desktop,Email,2024-08-03,13:57:01
4023,USER_6668,Mobile,Paid Search,2024-09-03,20:28:11
4024,USER_8301,Mobile,Paid Search,2024-11-13,23:13:19
4025,USER_4937,Mobile,Paid Search,2024-08-15,17:46:14
4026,USER_4994,Mobile,Paid Search,2024-04-05,16:38:14
4027,USER_1653,Desktop,Social,2024-05-04,10:42:42
4028,USER_6258,Desktop,Organic,2024-03-11,19:58:23
4029,USER_7248,Mobile,Direct,2024-01-23,20:15:57
4030,USER_2857,Desktop,Paid Search,2024-01-31,16:08:42
4031,USER_7322,Mobile,Paid Search,2024-03-06,17:48:01
4032,USER_5203,Desktop,Social,2024-06-08,09:52:00
4033,USER_9851,Desktop,Paid Search,2024-10-26,11:26:56
4034,USER_5633,Tablet,Email,2024-08-11,21:07:09
4035,USER_1404,Desktop,Paid Search,2024-09-19,22:36:39
4036,USER_9468,Tablet,Social,2024-11-29,13:21:01
4037,USER_7143,Tablet,Organic,2024-07-02,17:51:54
4038,USER_9426,Mobile,Email,2024-06-08,04:25:37
4039,USER_9335,Mobile,Social,2024-10-25,11:34:43
4040,USER_8300,Mobile,Organic,2024-10-04,04:27:42
4041,USER_8975,Tablet,Organic,2024-03-15,08:05:50
4042,USER_1718,Desktop,Paid Search,2024-03-16,17:24:36
4043,USER_5856,Mobile,Direct,2024-08-28,12:22:26
4044,USER_4154,Mobile,Organic,2024-06-07,20:04:59
4045,USER_6248,Mobile,Paid Search,2024-11-04,06:00:35
4046,USER_9419,Mobile,Organic,2024-06-24,15:51:27
4047,USER_2349,Desktop,Paid Search,2024-05-29,03:43:53
4048,USER_2572,Mobile,Social,2024-07-07,21:56:09
4049,USER_3742,Tablet,Direct,2024-01-05,06:51:33
4050,USER_9814,Desktop,Paid Search,2024-09-22,10:36:21
4051,USER_9736,Tablet,Email,2024-10-27,03:16:53
4052,USER_1120,Mobile,Paid Search,2024-12-02,06:49:17
4053,USER_2072,Mobile,Organic,2024-12-13,12:34:09
4054,USER_4453,Mobile,Paid Search,2024-03-15,07:37:50
4055,USER_4492,Mobile,Social,2024-01-30,09:54:32
4056,USER_7950,Desktop,Direct,2024-05-01,08:40:57
4057,USER_2702,Mobile,Email,2024-09-16,01:54:01
4058,USER_4368,Desktop,Organic,2024-10-13,05:30:48
4059,USER_9810,Tablet,Organic,2024-01-28,07:00:00
4060,USER_8130,Tablet,Organic,2024-08-04,21:54:32
4061,USER_2181,Desktop,Direct,2024-06-25,13:38:25
4062,USER_3519,Desktop,Email,2024-04-10,12:04:03
4063,USER_1389,Mobile,Email,2024-04-12,03:53:48
4064,USER_8523,Desktop,Paid Search,2024-11-23,12:32:12
4065,USER_6434,Tablet,Paid Search,2024-04-13,02:05:42
4066,USER_1620,Desktop,Paid Search,2024-02-05,06:52:39
4067,USER_2433,Desktop,Organic,2024-06-23,10:52:52
4068,USER_2200,Tablet,Paid Search,2024-04-06,00:03:04
4069,USER_1889,Mobile,Organic,2024-12-07,12:33:03
4070,USER_3916,Mobile,Organic,2024-08-31,19:41:17
4071,USER_5127,Desktop,Email,2024-12-21,02:18:40
4072,USER_2154,Mobile,Email,2024-12-20,19:04:54
4073,USER_4729,Mobile,Paid Search,2024-08-27,23:20:03
4074,USER_5237,Mobile,Paid Search,2024-11-03,14:26:49
4075,USER_7678,Mobile,Paid Search,2024-12-20,05:55:40
4076,USER_7357,Mobile,Social,2024-06-18,16:12:55
4077,USER_8391,Mobile,Email,2024-10-23,18:28:41
4078,USER_7626,Desktop,Email,2024-10-16,13:40:09
4079,USER_8094,Mobile,Social,2024-06-20,01:46:23
4080,USER_6183,Desktop,Organic,2024-11-11,07:40:17
4081,USER_1276,Mobile,Paid Search,2024-06-02,08:01:57
4082,USER_7381,Desktop,Paid Search,2024-08-02,15:28:28
4083,USER_2938,Mobile,Paid Search,2024-06-17,19:18:25
4084,USER_9762,Mobile,Email,2024-03-24,05:03:45
4085,USER_1096,Desktop,Paid Search,2024-02-23,14:56:08
4086,USER_2036,Desktop,Organic,2024-08-20,23:25:48
4087,USER_1745,Desktop,Paid Search,2024-01-22,13:42:08
4088,USER_2189,Mobile,Direct,2024-09-10,19:08:22
4089,USER_6860,Mobile,Organic,2024-04-22,00:35:51
4090,USER_9238,Desktop,Social,2024-01-02,02:47:55
4091,USER_2738,Mobile,Paid Search,2024-11-23,15:46:40
4092,USER_5748,Desktop,Organic,2024-04-24,15:59:24
4093,USER_5937,Mobile,Paid Search,2024-12-20,01:10:36
4094,USER_2417,Tablet,Social,2024-04-27,22:59:38
4095,USER_5612,Desktop,Paid Search,2024-08-26,02:49:49
4096,USER_8170,Mobile,Email,2024-11-15,08:01:25
4097,USER_7249,Desktop,Organic,2024-04-19,16:43:34
4098,USER_7473,Desktop,Organic,2024-05-02,08:04:12
4099,USER_1504,Desktop,Direct,2024-09-03,06:12:29
4100,USER_8765,Desktop,Paid Search,2024-06-18,07:05:59
4101,USER_3561,Mobile,Social,2024-07-11,04:59:20
4102,USER_9740,Mobile,Email,2024-04-15,11:45:59
4103,USER_4602,Mobile,Paid Search,2024-07-23,05:12:22
4104,USER_3234,Desktop,Social,2024-04-04,12:06:29
4105,USER_7406,Desktop,Organic,2024-01-04,17:59:05
4106,USER_9941,Mobile,Organic,2024-07-04,14:00:13
4107,USER_5832,Tablet,Organic,2024-01-06,05:43:06
4108,USER_3360,Desktop,Email,2024-02-07,02:38:10
4109,USER_5883,Tablet,Organic,2024-07-02,00:24:07
4110,USER_7113,Mobile,Social,2024-01-16,07:48:27
4111,USER_1182,Mobile,Direct,2024-10-11,07:52:32
4112,USER_3316,Mobile,Paid Search,2024-02-28,21:20:08
4113,USER_3019,Desktop,Paid Search,2024-03-13,14:31:34
4114,USER_1684,Desktop,Paid Search,2024-05-28,18:22:24
4115,USER_1082,Mobile,Paid Search,2024-08-13,03:12:13
4116,USER_7456,Desktop,Paid Search,2024-04-09,14:04:57
4117,USER_9800,Tablet,Social,2024-11-19,21:34:18
4118,USER_9970,Mobile,Direct,2024-10-26,09:16:37
4119,USER_2394,Desktop,Direct,2024-07-03,01:46:10
4120,USER_5992,Mobile,Email,2024-01-23,18:20:03
4121,USER_4441,Desktop,Email,2024-01-16,04:55:25
4122,USER_6633,Mobile,Paid Search,2024-04-11,09:32:02
4123,USER_4469,Mobile,Social,2024-04-11,03:27:17
4124,USER_7760,Tablet,Email,2024-05-25,09:03:15
4125,USER_9397,Mobile,Paid Search,2024-03-30,14:13:43
4126,USER_3333,Mobile,Direct,2024-04-22,08:53:06
4127,USER_3637,Mobile,Paid Search,2024-05-14,12:30:34
4128,USER_4014,Tablet,Social,2024-03-30,03:59:09
4129,USER_4617,Desktop,Social,2024-06-22,14:47:50
4130,USER_5140,Desktop,Direct,2024-10-10,15:42:32
4131,USER_4183,Desktop,Organic,2024-05-05,05:58:11
4132,USER_2877,Desktop,Social,2024-04-01,02:00:53
4133,USER_3971,Mobile,Paid Search,2024-04-10,05:40:05
4134,USER_1891,Mobile,Organic,2024-01-12,15:57:52
4135,USER_9992,Mobile,Email,2024-03-31,18:34:52
4136,USER_8557,Desktop,Social,2024-05-14,05:06:40
4137,USER_2198,Mobile,Social,2024-02-21,06:16:33
4138,USER_5762,Desktop,Paid Search,2024-01-11,13:10:36
4139,USER_2103,Mobile,Paid Search,2024-12-12,17:21:47
4140,USER_5107,Mobile,Social,2024-03-11,15:50:46
4141,USER_2608,Desktop,Paid Search,2024-07-13,21:38:28
4142,USER_4234,Desktop,Organic,2024-12-01,07:48:27
4143,USER_8982,Desktop,Direct,2024-02-26,07:55:52
4144,USER_6420,Mobile,Paid Search,2024-06-22,17:15:56
4145,USER_6851,Tablet,Social,2024-04-17,03:54:32
4146,USER_3100,Mobile,Paid Search,2024-06-05,05:34:43
4147,USER_4842,Desktop,Paid Search,2024-08-21,10:26:01
4148,USER_2639,Mobile,Paid Search,2024-05-02,10:14:36
4149,USER_5671,Mobile,Paid Search,2024-07-08,14:47:01
4150,USER_2143,Mobile,Paid Search,2024-07-09,15:50:44
4151,USER_4170,Desktop,Paid Search,2024-12-04,18:34:46
4152,USER_6206,Desktop,Paid Search,2024-03-28,20:27:25
4153,USER_8960,Mobile,Organic,2024-09-26,21:59:07
4154,USER_8383,Desktop,Paid Search,2024-11-15,14:30:44
4155,USER_6379,Desktop,Organic,2024-08-10,01:25:55
4156,USER_6008,Desktop,Organic,2024-12-30,15:15:57
4157,USER_3496,Mobile,Direct,2024-02-03,12:33:49
4158,USER_6971,Tablet,Social,2024-03-01,04:55:50
4159,USER_6182,Tablet,Social,2024-03-14,00:23:48
4160,USER_8017,Mobile,Paid Search,2024-03-07,00:24:34
4161,USER_3762,Mobile,Direct,2024-04-07,04:05:42
4162,USER_1079,Desktop,Social,2024-04-08,05:11:14
4163,USER_6131,Mobile,Email,2024-09-29,20:22:20
4164,USER_5033,Desktop,Paid Search,2024-07-12,21:10:05
4165,USER_4629,Mobile,Direct,2024-12-21,12:43:55
4166,USER_8145,Desktop,Email,2024-07-10,21:23:00
4167,USER_5533,Desktop,Email,2024-06-11,10:34:28
4168,USER_6889,Desktop,Organic,2024-11-02,03:43:16
4169,USER_3200,Desktop,Organic,2024-08-07,12:36:09
4170,USER_6432,Desktop,Organic,2024-11-21,23:04:33
4171,USER_8863,Desktop,Organic,2024-05-05,20:49:59
4172,USER_8583,Tablet,Email,2024-01-24,05:04:36
4173,USER_8296,Mobile,Organic,2024-11-11,04:20:36
4174,USER_6877,Mobile,Organic,2024-10-27,12:29:48
4175,USER_6004,Tablet,Organic,2024-04-06,19:02:35
4176,USER_8978,Tablet,Organic,2024-10-01,18:34:49
4177,USER_2783,Mobile,Organic,2024-05-30,21:17:15
4178,USER_3879,Mobile,Email,2024-03-17,13:39:38
4179,USER_2343,Desktop,Social,2024-06-16,17:18:50
4180,USER_5597,Desktop,Organic,2024-05-06,17:55:01
4181,USER_3293,Mobile,Paid Search,2024-01-28,05:08:57
4182,USER_9824,Mobile,Paid Search,2024-11-18,01:54:21
4183,USER_4218,Mobile,Organic,2024-05-23,01:38:44
4184,USER_5312,Desktop,Social,2024-03-05,23:14:42
4185,USER_2252,Desktop,Social,2024-09-17,17:27:46
4186,USER_2235,Mobile,Social,2024-10-26,19:45:44
4187,USER_1305,Desktop,Social,2024-09-07,08:32:18
4188,USER_9309,Mobile,Organic,2024-04-17,20:08:19
4189,USER_1511,Mobile,Direct,2024-02-11,19:21:54
4190,USER_7637,Mobile,Email,2024-08-28,23:39:32
4191,USER_4485,Mobile,Direct,2024-12-05,17:40:04
4192,USER_1600,Tablet,Organic,2024-11-10,20:05:18
4193,USER_5269,Mobile,Direct,2024-02-03,11:28:40
4194,USER_9904,Mobile,Email,2024-03-26,17:32:29
4195,USER_9842,Mobile,Email,2024-09-17,01:44:41
4196,USER_8734,Desktop,Organic,2024-07-17,14:05:22
4197,USER_3435,Desktop,Social,2024-11-26,05:15:57
4198,USER_6993,Desktop,Direct,2024-09-17,17:25:28
4199,USER_7430,Mobile,Social,2024-07-10,12:30:12
4200,USER_4658,Mobile,Social,2024-09-12,17:49:42
4201,USER_5767,Mobile,Direct,2024-09-22,05:01:59
4202,USER_3193,Desktop,Paid Search,2024-08-25,19:28:17
4203,USER_8613,Desktop,Social,2024-04-01,12:49:04
4204,USER_9210,Tablet,Paid Search,2024-06-13,19:04:46
4205,USER_9362,Desktop,Direct,2024-12-30,20:42:29
4206,USER_2483,Mobile,Organic,2024-07-10,15:39:34
4207,USER_7500,Mobile,Paid Search,2024-09-26,15:24:34
4208,USER_6961,Mobile,Social,2024-12-21,04:54:39
4209,USER_9227,Desktop,Email,2024-09-04,18:58:27
4210,USER_1173,Desktop,Social,2024-09-10,16:31:45
4211,USER_4913,Desktop,Direct,2024-08-30,04:53:53
4212,USER_3717,Mobile,Direct,2024-05-17,04:20:33
4213,USER_9423,Mobile,Organic,2024-10-24,18:12:31
4214,USER_3299,Desktop,Paid Search,2024-07-24,23:02:50
4215,USER_8310,Mobile,Organic,2024-11-22,20:34:20
4216,USER_3608,Mobile,Paid Search,2024-10-25,21:33:00
4217,USER_3935,Desktop,Paid Search,2024-11-28,12:41:11
4218,USER_3395,Mobile,Direct,2024-01-19,21:40:50
4219,USER_8921,Mobile,Email,2024-04-16,07:23:03
4220,USER_6878,Desktop,Organic,2024-04-22,22:17:56
4221,USER_1662,Desktop,Organic,2024-04-13,00:42:57
4222,USER_4585,Mobile,Social,2024-08-19,11:48:24
4223,USER_8989,Tablet,Paid Search,2024-04-30,12:46:39
4224,USER_4796,Mobile,Organic,2024-07-21,10:43:29
4225,USER_2029,Mobile,Email,2024-04-21,18:02:01
4226,USER_5331,Mobile,Direct,2024-06-05,21:07:10
4227,USER_7052,Desktop,Paid Search,2024-08-05,08:57:34
4228,USER_4834,Mobile,Email,2024-07-12,05:49:47
4229,USER_1701,Mobile,Paid Search,2024-10-19,10:54:23
4230,USER_4387,Desktop,Social,2024-03-21,08:16:11
4231,USER_9485,Mobile,Paid Search,2024-07-10,16:25:29
4232,USER_6918,Mobile,Organic,2024-05-10,18:25:12
4233,USER_7358,Desktop,Direct,2024-10-08,04:22:52
4234,USER_8695,Tablet,Paid Search,2024-02-13,19:18:11
4235,USER_8448,Desktop,Social,2024-03-09,20:15:40
4236,USER_1760,Desktop,Paid Search,2024-02-13,04:43:34
4237,USER_1653,Desktop,Organic,2024-05-31,23:36:54
4238,USER_6309,Mobile,Organic,2024-08-15,08:50:25
4239,USER_2691,Mobile,Paid Search,2024-09-22,07:55:12
4240,USER_9542,Desktop,Social,2024-06-29,17:57:59
4241,USER_5480,Mobile,Paid Search,2024-04-27,18:59:06
4242,USER_5314,Desktop,Social,2024-10-25,10:25:10
4243,USER_9918,Mobile,Social,2024-01-22,08:05:43
4244,USER_3848,Mobile,Social,2024-08-26,21:58:20
4245,USER_7171,Mobile,Paid Search,2024-09-19,05:34:48
4246,USER_7201,Tablet,Direct,2024-11-14,10:46:59
4247,USER_6985,Desktop,Paid Search,2024-06-21,15:11:58
4248,USER_2275,Desktop,Paid Search,2024-08-06,10:24:10
4249,USER_9465,Mobile,Organic,2024-08-18,18:10:25
4250,USER_5121,Tablet,Paid Search,2024-08-27,18:14:55
4251,USER_7165,Desktop,Organic,2024-08-09,22:14:21
4252,USER_4651,Desktop,Social,2024-07-28,16:38:50
4253,USER_9460,Desktop,Organic,2024-07-07,21:23:06
4254,USER_7649,Mobile,Paid Search,2024-09-11,07:55:32
4255,USER_6781,Desktop,Email,2024-06-11,03:35:45
4256,USER_6653,Mobile,Paid Search,2024-05-19,12:23:23
4257,USER_8976,Tablet,Organic,2024-07-14,00:41:31
4258,USER_8898,Mobile,Organic,2024-01-13,16:16:24
4259,USER_1108,Desktop,Email,2024-04-01,17:20:01
4260,USER_9222,Mobile,Organic,2024-08-14,19:20:48
4261,USER_3276,Desktop,Paid Search,2024-04-29,15:49:43
4262,USER_8207,Tablet,Paid Search,2024-05-15,09:52:16
4263,USER_3713,Mobile,Social,2024-11-26,07:00:12
4264,USER_4768,Desktop,Social,2024-02-08,09:40:39
4265,USER_2263,Mobile,Email,2024-07-02,03:56:43
4266,USER_9430,Mobile,Organic,2024-02-12,16:52:36
4267,USER_5600,Mobile,Organic,2024-05-30,02:59:53
4268,USER_4465,Desktop,Organic,2024-09-13,03:58:30
4269,USER_3461,Mobile,Organic,2024-09-19,19:30:10
4270,USER_4062,Tablet,Organic,2024-10-06,01:12:33
4271,USER_3578,Mobile,Paid Search,2024-11-25,22:21:37
4272,USER_6934,Tablet,Paid Search,2024-02-10,07:17:50
4273,USER_2938,Desktop,Social,2024-05-21,01:05:53
4274,USER_4773,Mobile,Paid Search,2024-04-26,11:13:25
4275,USER_7793,Mobile,Social,2024-02-20,09:05:20
4276,USER_6410,Mobile,Paid Search,2024-03-01,09:29:06
4277,USER_2856,Mobile,Organic,2024-02-06,10:52:20
4278,USER_8889,Desktop,Paid Search,2024-07-03,06:06:13
4279,USER_8844,Desktop,Organic,2024-01-20,23:11:23
4280,USER_8848,Desktop,Organic,2024-10-06,19:56:13
4281,USER_4452,Desktop,Paid Search,2024-04-12,13:30:46
4282,USER_3641,Mobile,Direct,2024-06-19,16:06:15
4283,USER_7732,Desktop,Social,2024-04-10,13:28:54
4284,USER_1367,Desktop,Organic,2024-12-11,10:02:01
4285,USER_4992,Mobile,Email,2024-06-17,19:17:54
4286,USER_1706,Mobile,Social,2024-05-08,04:44:55
4287,USER_3095,Tablet,Social,2024-06-03,20:51:06
4288,USER_3639,Mobile,Email,2024-12-15,09:49:50
4289,USER_3207,Desktop,Paid Search,2024-05-20,02:02:49
4290,USER_9399,Mobile,Organic,2024-04-07,11:11:29
4291,USER_1642,Mobile,Paid Search,2024-12-27,12:39:33
4292,USER_3406,Desktop,Paid Search,2024-11-05,03:44:37
4293,USER_1916,Mobile,Paid Search,2024-03-11,16:30:35
4294,USER_3725,Tablet,Social,2024-10-05,01:38:46
4295,USER_5231,Desktop,Direct,2024-05-13,04:48:30
4296,USER_3949,Desktop,Direct,2024-01-05,00:17:23
4297,USER_9464,Desktop,Email,2024-06-02,04:15:54
4298,USER_7642,Desktop,Email,2024-05-24,16:33:35
4299,USER_1305,Mobile,Direct,2024-06-26,11:25:10
4300,USER_5644,Mobile,Organic,2024-07-25,04:59:21
4301,USER_2404,Desktop,Organic,2024-07-26,17:51:58
4302,USER_4548,Tablet,Paid Search,2024-10-23,13:26:03
4303,USER_8359,Mobile,Email,2024-12-01,10:55:49
4304,USER_8723,Mobile,Paid Search,2024-01-07,18:32:26
4305,USER_8891,Mobile,Social,2024-08-29,14:34:28
4306,USER_3794,Desktop,Organic,2024-11-30,08:19:55
4307,USER_4594,Mobile,Organic,2024-09-19,05:08:31
4308,USER_7730,Mobile,Social,2024-03-17,22:21:32
4309,USER_3338,Mobile,Organic,2024-07-22,10:47:57
4310,USER_3979,Mobile,Paid Search,2024-04-26,21:17:34
4311,USER_9369,Desktop,Organic,2024-04-26,20:21:46
4312,USER_5333,Tablet,Paid Search,2024-04-17,18:27:23
4313,USER_3747,Desktop,Social,2024-08-30,10:50:45
4314,USER_6614,Tablet,Paid Search,2024-04-29,19:18:11
4315,USER_8429,Tablet,Social,2024-09-21,16:08:19
4316,USER_2127,Desktop,Organic,2024-10-27,19:58:07
4317,USER_4765,Mobile,Email,2024-10-09,02:51:44
4318,USER_7196,Desktop,Paid Search,2024-08-27,13:21:01
4319,USER_7315,Mobile,Social,2024-08-24,04:59:54
4320,USER_3166,Mobile,Social,2024-06-23,00:56:02
4321,USER_2778,Mobile,Organic,2024-02-13,01:09:51
4322,USER_1271,Tablet,Email,2024-06-09,09:23:40
4323,USER_4315,Mobile,Social,2024-04-06,07:37:41
4324,USER_9564,Mobile,Paid Search,2024-08-07,07:04:15
4325,USER_9263,Mobile,Organic,2024-12-23,04:41:56
4326,USER_7877,Tablet,Direct,2024-08-01,03:51:20
4327,USER_3450,Desktop,Email,2024-04-17,10:04:13
4328,USER_2577,Tablet,Organic,2024-08-12,00:20:21
4329,USER_3906,Desktop,Paid Search,2024-08-18,15:02:33
4330,USER_8796,Mobile,Email,2024-10-12,06:40:40
4331,USER_1639,Desktop,Social,2024-01-16,13:35:47
4332,USER_9706,Desktop,Email,2024-07-10,05:43:06
4333,USER_9246,Mobile,Paid Search,2024-03-12,09:19:18
4334,USER_2925,Mobile,Social,2024-10-22,16:33:39
4335,USER_2526,Desktop,Paid Search,2024-03-06,12:24:37
4336,USER_8901,Desktop,Organic,2024-06-05,19:45:31
4337,USER_3135,Mobile,Social,2024-01-05,04:31:54
4338,USER_9835,Tablet,Direct,2024-09-12,22:59:14
4339,USER_1019,Desktop,Paid Search,2024-12-03,13:28:57
4340,USER_8069,Desktop,Paid Search,2024-06-30,20:50:28
4341,USER_9553,Mobile,Social,2024-06-22,23:18:41
4342,USER_7892,Desktop,Paid Search,2024-04-25,13:09:47
4343,USER_7068,Mobile,Email,2024-08-02,00:08:23
4344,USER_1711,Mobile,Email,2024-08-05,16:47:45
4345,USER_9680,Mobile,Organic,2024-12-17,05:58:23
4346,USER_8028,Desktop,Direct,2024-07-25,09:13:04
4347,USER_4759,Mobile,Email,2024-12-19,16:13:51
4348,USER_8899,Mobile,Email,2024-10-02,05:45:34
4349,USER_7246,Mobile,Social,2024-06-02,03:47:08
4350,USER_6742,Mobile,Email,2024-06-15,06:53:04
4351,USER_2600,Mobile,Organic,2024-10-27,04:12:38
4352,USER_7971,Mobile,Paid Search,2024-01-12,04:56:53
4353,USER_3193,Mobile,Email,2024-10-17,20:00:40
4354,USER_5170,Tablet,Organic,2024-01-17,09:39:05
4355,USER_8817,Mobile,Organic,2024-03-12,01:24:47
4356,USER_4809,Mobile,Email,2024-03-19,00:56:05
4357,USER_2373,Desktop,Email,2024-06-18,16:15:26
4358,USER_5641,Mobile,Organic,2024-10-17,08:31:10
4359,USER_9908,Mobile,Email,2024-11-18,06:45:35
4360,USER_7695,Desktop,Social,2024-11-04,14:22:01
4361,USER_5223,Desktop,Paid Search,2024-11-07,17:10:49
4362,USER_4096,Mobile,Email,2024-10-20,15:25:33
4363,USER_1089,Mobile,Paid Search,2024-07-19,22:05:42
4364,USER_1116,Mobile,Organic,2024-07-14,14:11:50
4365,USER_9561,Desktop,Organic,2024-04-14,05:57:22
4366,USER_2930,Mobile,Paid Search,2024-07-19,15:29:20
4367,USER_9515,Desktop,Paid Search,2024-02-02,08:47:23
4368,USER_1117,Mobile,Email,2024-09-30,17:40:17
4369,USER_7144,Desktop,Email,2024-07-16,15:08:24
4370,USER_4365,Desktop,Social,2024-04-06,04:55:36
4371,USER_6175,Desktop,Email,2024-08-31,01:20:09
4372,USER_7698,Desktop,Organic,2024-02-25,19:05:32
4373,USER_6935,Desktop,Organic,2024-06-17,21:47:29
4374,USER_2746,Desktop,Email,2024-10-18,12:57:42
4375,USER_3535,Mobile,Organic,2024-08-19,17:15:46
4376,USER_7980,Mobile,Organic,2024-11-23,03:25:03
4377,USER_5155,Desktop,Social,2024-06-04,17:55:11
4378,USER_5281,Mobile,Paid Search,2024-02-17,22:28:07
4379,USER_9783,Desktop,Email,2024-03-28,20:30:11
4380,USER_7939,Mobile,Organic,2024-02-23,02:29:43
4381,USER_6990,Desktop,Organic,2024-12-11,06:12:28
4382,USER_5514,Desktop,Paid Search,2024-10-10,22:46:13
4383,USER_7511,Mobile,Social,2024-03-31,18:41:37
4384,USER_4337,Mobile,Paid Search,2024-01-17,05:53:59
4385,USER_7770,Tablet,Paid Search,2024-12-18,00:20:11
4386,USER_8904,Mobile,Email,2024-11-04,05:09:36
4387,USER_3928,Tablet,Direct,2024-09-07,18:58:39
4388,USER_7065,Desktop,Organic,2024-01-14,06:47:26
4389,USER_8925,Desktop,Paid Search,2024-04-05,05:06:46
4390,USER_5157,Desktop,Paid Search,2024-04-11,13:51:20
4391,USER_6024,Desktop,Direct,2024-02-05,21:54:37
4392,USER_6641,Mobile,Direct,2024-07-16,02:40:19
4393,USER_7522,Mobile,Organic,2024-05-25,07:35:35
4394,USER_3262,Desktop,Social,2024-04-15,04:15:57
4395,USER_2951,Tablet,Paid Search,2024-04-29,05:20:41
4396,USER_4764,Mobile,Organic,2024-05-29,11:44:15
4397,USER_8317,Desktop,Organic,2024-12-03,18:54:57
4398,USER_3650,Desktop,Paid Search,2024-09-25,17:13:20
4399,USER_2642,Desktop,Paid Search,2024-02-05,17:19:17
4400,USER_4513,Desktop,Organic,2024-08-20,13:07:31
4401,USER_9328,Desktop,Social,2024-01-30,23:41:29
4402,USER_7562,Mobile,Organic,2024-07-07,23:47:56
4403,USER_6544,Desktop,Social,2024-09-22,15:14:10
4404,USER_1852,Desktop,Paid Search,2024-01-06,12:18:15
4405,USER_3633,Tablet,Organic,2024-03-28,00:36:21
4406,USER_7375,Mobile,Paid Search,2024-06-16,08:55:16
4407,USER_1086,Tablet,Organic,2024-07-29,18:51:49
4408,USER_2492,Desktop,Paid Search,2024-07-19,15:39:45
4409,USER_3381,Desktop,Organic,2024-03-21,23:07:11
4410,USER_8727,Mobile,Paid Search,2024-02-26,14:38:52
4411,USER_8133,Desktop,Organic,2024-03-07,18:28:00
4412,USER_2444,Desktop,Social,2024-10-01,05:36:11
4413,USER_2049,Mobile,Email,2024-08-02,14:04:10
4414,USER_5310,Mobile,Organic,2024-09-01,01:21:15
4415,USER_4633,Mobile,Paid Search,2024-02-05,21:57:38
4416,USER_7075,Mobile,Organic,2024-07-18,14:48:33
4417,USER_2311,Mobile,Social,2024-04-15,15:46:07
4418,USER_1618,Desktop,Organic,2024-03-07,06:31:45
4419,USER_7296,Desktop,Paid Search,2024-04-15,10:08:37
4420,USER_7564,Desktop,Paid Search,2024-06-07,17:58:33
4421,USER_9536,Desktop,Direct,2024-08-09,07:08:09
4422,USER_5693,Tablet,Paid Search,2024-12-29,00:51:43
4423,USER_1941,Mobile,Social,2024-12-06,03:08:50
4424,USER_3871,Mobile,Paid Search,2024-08-31,11:25:46
4425,USER_9099,Desktop,Direct,2024-03-22,23:55:03
4426,USER_8192,Desktop,Email,2024-11-05,17:12:11
4427,USER_1175,Desktop,Organic,2024-10-21,01:56:02
4428,USER_4304,Desktop,Email,2024-06-07,08:48:35
4429,USER_9489,Desktop,Paid Search,2024-10-27,15:38:51
4430,USER_5685,Mobile,Email,2024-04-13,21:56:29
4431,USER_4190,Mobile,Email,2024-09-14,16:32:32
4432,USER_1550,Mobile,Organic,2024-12-16,18:28:22
4433,USER_9364,Mobile,Social,2024-08-22,21:13:44
4434,USER_9451,Tablet,Organic,2024-05-21,23:46:45
4435,USER_4795,Desktop,Organic,2024-04-13,11:42:32
4436,USER_3776,Desktop,Organic,2024-01-04,11:11:15
4437,USER_1590,Desktop,Social,2024-03-14,20:34:25
4438,USER_6893,Mobile,Organic,2024-08-16,01:51:53
4439,USER_4919,Tablet,Organic,2024-02-02,01:12:01
4440,USER_1004,Desktop,Social,2024-07-23,08:19:15
4441,USER_3579,Tablet,Organic,2024-11-05,12:41:05
4442,USER_2422,Mobile,Organic,2024-05-06,18:54:50
4443,USER_5520,Desktop,Organic,2024-09-26,18:20:07
4444,USER_7544,Desktop,Paid Search,2024-06-17,14:04:22
4445,USER_6785,Mobile,Paid Search,2024-10-18,05:13:55
4446,USER_7474,Tablet,Organic,2024-09-08,23:36:57
4447,USER_7642,Desktop,Direct,2024-08-23,02:01:49
4448,USER_4281,Mobile,Social,2024-08-24,04:41:36
4449,USER_9482,Desktop,Paid Search,2024-10-21,05:49:59
4450,USER_1251,Mobile,Paid Search,2024-01-21,23:37:47
4451,USER_2124,Mobile,Paid Search,2024-02-16,11:42:01
4452,USER_2477,Mobile,Social,2024-05-27,02:19:12
4453,USER_5661,Mobile,Organic,2024-11-26,15:17:41
4454,USER_6703,Mobile,Organic,2024-08-21,23:32:12
4455,USER_6693,Tablet,Email,2024-06-26,01:39:52
4456,USER_5530,Desktop,Organic,2024-12-24,06:58:00
4457,USER_4707,Mobile,Paid Search,2024-12-30,18:26:30
4458,USER_4187,Desktop,Email,2024-06-01,02:13:43
4459,USER_8450,Mobile,Social,2024-07-19,18:31:05
4460,USER_7618,Mobile,Paid Search,2024-11-09,19:07:09
4461,USER_1076,Mobile,Social,2024-03-30,12:03:40
4462,USER_5277,Mobile,Organic,2024-07-31,04:46:09
4463,USER_3867,Tablet,Social,2024-05-07,03:13:10
4464,USER_7670,Desktop,Paid Search,2024-04-01,03:55:43
4465,USER_9294,Mobile,Email,2024-11-12,22:29:26
4466,USER_2744,Desktop,Direct,2024-08-09,14:48:42
4467,USER_2185,Desktop,Direct,2024-08-22,04:03:07
4468,USER_9243,Desktop,Direct,2024-07-15,19:49:47
4469,USER_5821,Tablet,Paid Search,2024-12-03,21:05:07
4470,USER_6570,Tablet,Paid Search,2024-04-03,03:24:25
4471,USER_2917,Tablet,Paid Search,2024-12-23,03:08:58
4472,USER_9409,Tablet,Social,2024-10-18,05:02:07
4473,USER_5222,Desktop,Email,2024-02-18,19:46:02
4474,USER_9813,Desktop,Organic,2024-07-20,14:08:46
4475,USER_5098,Mobile,Direct,2024-12-23,10:42:47
4476,USER_8254,Mobile,Email,2024-01-23,16:48:28
4477,USER_7178,Mobile,Direct,2024-05-02,07:12:59
4478,USER_8923,Desktop,Email,2024-03-21,19:47:46
4479,USER_4985,Mobile,Organic,2024-05-20,06:02:18
4480,USER_6565,Mobile,Organic,2024-11-17,18:12:27
4481,USER_8517,Desktop,Organic,2024-10-02,12:21:13
4482,USER_8548,Mobile,Organic,2024-05-29,17:00:42
4483,USER_1448,Mobile,Social,2024-12-07,05:29:41
4484,USER_8896,Mobile,Email,2024-02-04,21:51:19
4485,USER_2904,Desktop,Email,2024-12-23,16:06:09
4486,USER_5224,Mobile,Social,2024-04-21,09:11:06
4487,USER_2106,Desktop,Organic,2024-09-09,02:18:01
4488,USER_7269,Desktop,Organic,2024-07-29,17:43:25
4489,USER_4610,Mobile,Organic,2024-10-10,20:33:08
4490,USER_4767,Mobile,Paid Search,2024-03-03,10:55:00
4491,USER_6172,Desktop,Paid Search,2024-07-07,18:42:20
4492,USER_7757,Mobile,Organic,2024-02-09,04:09:38
4493,USER_6785,Mobile,Paid Search,2024-02-23,09:24:08
4494,USER_9462,Mobile,Organic,2024-09-15,00:53:52
4495,USER_9776,Mobile,Social,2024-06-15,18:12:44
4496,USER_1159,Mobile,Paid Search,2024-07-28,11:22:46
4497,USER_5314,Mobile,Paid Search,2024-08-18,12:53:50
4498,USER_5067,Desktop,Paid Search,2024-03-25,02:51:47
4499,USER_5706,Desktop,Direct,2024-05-09,23:41:00
4500,USER_2523,Mobile,Organic,2024-04-16,06:45:42
4501,USER_7536,Mobile,Paid Search,2024-09-16,18:38:22
4502,USER_6603,Mobile,Social,2024-01-23,04:49:44
4503,USER_2245,Desktop,Social,2024-08-24,18:31:52
4504,USER_3924,Desktop,Direct,2024-01-14,00:49:06
4505,USER_8807,Mobile,Paid Search,2024-02-07,07:29:07
4506,USER_6142,Desktop,Paid Search,2024-11-23,04:17:12
4507,USER_6792,Mobile,Organic,2024-12-21,13:59:22
4508,USER_4580,Desktop,Social,2024-12-11,17:20:34
4509,USER_5408,Mobile,Organic,2024-08-24,11:24:19
4510,USER_3994,Tablet,Organic,2024-07-14,04:13:54
4511,USER_4115,Desktop,Paid Search,2024-06-24,00:16:04
4512,USER_9175,Mobile,Paid Search,2024-07-23,23:49:09
4513,USER_4271,Desktop,Organic,2024-04-09,00:09:30
4514,USER_4847,Mobile,Social,2024-07-22,01:27:07
4515,USER_4965,Mobile,Social,2024-01-20,11:39:10
4516,USER_5348,Mobile,Organic,2024-01-06,15:14:35
4517,USER_4387,Mobile,Paid Search,2024-05-08,15:17:03
4518,USER_4755,Tablet,Social,2024-02-28,05:38:39
4519,USER_4322,Desktop,Paid Search,2024-12-29,01:28:46
4520,USER_5091,Desktop,Paid Search,2024-03-10,23:05:27
4521,USER_6833,Tablet,Paid Search,2024-06-16,13:55:37
4522,USER_3555,Mobile,Social,2024-12-09,00:26:14
4523,USER_2747,Tablet,Direct,2024-08-25,04:08:55
4524,USER_2964,Mobile,Social,2024-09-05,09:33:41
4525,USER_2285,Mobile,Organic,2024-08-24,03:21:20
4526,USER_9071,Mobile,Paid Search,2024-02-04,08:55:10
4527,USER_1108,Mobile,Email,2024-02-12,21:40:41
4528,USER_9871,Tablet,Organic,2024-10-07,00:14:44
4529,USER_1692,Mobile,Direct,2024-12-02,22:55:18
4530,USER_8901,Desktop,Direct,2024-05-04,01:15:03
4531,USER_7081,Desktop,Organic,2024-12-31,03:01:39
4532,USER_6167,Desktop,Direct,2024-08-12,11:58:57
4533,USER_9066,Desktop,Paid Search,2024-03-12,12:31:36
4534,USER_5501,Desktop,Email,2024-08-29,20:28:23
4535,USER_9041,Mobile,Paid Search,2024-05-22,13:57:50
4536,USER_3996,Mobile,Paid Search,2024-03-23,09:39:04
4537,USER_9374,Mobile,Social,2024-03-28,11:28:37
4538,USER_5591,Mobile,Email,2024-01-10,21:49:22
4539,USER_7518,Desktop,Organic,2024-11-06,11:18:27
4540,USER_4638,Desktop,Social,2024-02-21,05:15:16
4541,USER_3101,Desktop,Organic,2024-03-31,15:53:06
4542,USER_1887,Mobile,Paid Search,2024-05-30,04:53:51
4543,USER_9613,Desktop,Paid Search,2024-03-04,08:29:27
4544,USER_7933,Desktop,Paid Search,2024-09-30,00:07:02
4545,USER_8836,Mobile,Paid Search,2024-07-19,17:03:49
4546,USER_9859,Mobile,Organic,2024-03-27,03:51:50
4547,USER_1533,Desktop,Organic,2024-02-09,16:07:02
4548,USER_9232,Mobile,Organic,2024-12-09,06:01:51
4549,USER_6689,Mobile,Paid Search,2024-01-06,23:50:26
4550,USER_7450,Mobile,Direct,2024-12-12,17:14:06
4551,USER_3863,Tablet,Organic,2024-05-19,14:25:17
4552,USER_8490,Desktop,Direct,2024-03-19,02:31:10
4553,USER_2972,Desktop,Social,2024-08-13,13:33:02
4554,USER_9490,Tablet,Social,2024-07-02,17:00:33
4555,USER_8537,Mobile,Social,2024-04-01,03:51:46
4556,USER_6171,Mobile,Email,2024-04-20,21:23:28
4557,USER_1137,Mobile,Organic,2024-12-31,03:09:37
4558,USER_1193,Mobile,Paid Search,2024-01-18,00:55:46
4559,USER_4452,Tablet,Social,2024-12-11,03:21:45
4560,USER_7216,Tablet,Social,2024-09-29,01:29:05
4561,USER_2650,Mobile,Email,2024-04-20,06:32:02
4562,USER_6331,Desktop,Organic,2024-08-14,13:28:06
4563,USER_6924,Tablet,Social,2024-12-22,07:03:29
4564,USER_5254,Desktop,Paid Search,2024-01-25,22:14:21
4565,USER_4066,Desktop,Paid Search,2024-11-21,02:03:52
4566,USER_9987,Tablet,Paid Search,2024-09-24,09:23:33
4567,USER_5306,Desktop,Social,2024-11-24,08:31:19
4568,USER_4885,Desktop,Email,2024-12-05,06:51:25
4569,USER_5413,Desktop,Paid Search,2024-12-03,05:07:45
4570,USER_8722,Tablet,Email,2024-02-22,06:01:01
4571,USER_6621,Mobile,Paid Search,2024-07-18,18:27:11
4572,USER_6995,Mobile,Organic,2024-12-19,11:34:55
4573,USER_4013,Desktop,Organic,2024-06-06,16:43:22
4574,USER_9171,Mobile,Organic,2024-08-15,14:27:45
4575,USER_7945,Mobile,Paid Search,2024-01-27,13:38:16
4576,USER_4449,Desktop,Paid Search,2024-11-02,15:01:13
4577,USER_7866,Mobile,Social,2024-01-03,03:35:00
4578,USER_7099,Desktop,Social,2024-01-25,10:12:42
4579,USER_6981,Tablet,Organic,2024-07-12,06:38:25
4580,USER_7563,Mobile,Organic,2024-04-13,05:52:51
4581,USER_5581,Tablet,Organic,2024-05-07,14:59:16
4582,USER_8384,Desktop,Paid Search,2024-07-10,13:56:25
4583,USER_3947,Mobile,Organic,2024-05-02,13:52:09
4584,USER_3148,Mobile,Organic,2024-04-12,02:22:37
4585,USER_4744,Mobile,Direct,2024-02-16,02:33:15
4586,USER_2636,Tablet,Email,2024-01-09,04:44:54
4587,USER_5422,Desktop,Organic,2024-08-03,15:01:02
4588,USER_4863,Desktop,Paid Search,2024-01-15,01:17:25
4589,USER_8081,Mobile,Paid Search,2024-01-08,13:27:06
4590,USER_7240,Mobile,Email,2024-06-21,09:21:40
4591,USER_4212,Mobile,Paid Search,2024-04-08,18:01:48
4592,USER_3389,Desktop,Organic,2024-12-14,02:50:07
4593,USER_3450,Mobile,Social,2024-12-08,01:28:37
4594,USER_8749,Desktop,Paid Search,2024-02-02,15:42:29
4595,USER_1159,Mobile,Organic,2024-04-22,03:58:16
4596,USER_3893,Mobile,Paid Search,2024-02-19,01:01:47
4597,USER_7906,Mobile,Paid Search,2024-12-06,20:16:37
4598,USER_9185,Desktop,Paid Search,2024-03-26,07:34:49
4599,USER_3203,Mobile,Organic,2024-03-26,17:04:52
4600,USER_9470,Desktop,Paid Search,2024-01-23,22:36:48
4601,USER_9748,Desktop,Organic,2024-07-31,22:54:45
4602,USER_6172,Mobile,Email,2024-09-19,20:44:17
4603,USER_8972,Tablet,Organic,2024-02-25,18:00:20
4604,USER_5915,Desktop,Organic,2024-06-16,07:42:45
4605,USER_5111,Mobile,Social,2024-06-14,02:20:50
4606,USER_1781,Tablet,Email,2024-10-14,05:02:16
4607,USER_7527,Mobile,Email,2024-11-16,19:38:32
4608,USER_2621,Desktop,Paid Search,2024-04-07,01:51:37
4609,USER_3676,Tablet,Organic,2024-11-15,09:41:53
4610,USER_1983,Desktop,Social,2024-04-16,19:52:31
4611,USER_4530,Desktop,Social,2024-10-04,12:50:38
4612,USER_5166,Desktop,Organic,2024-07-21,16:31:40
4613,USER_8807,Mobile,Direct,2024-08-07,07:41:04
4614,USER_2577,Desktop,Organic,2024-03-02,06:29:37
4615,USER_8370,Desktop,Direct,2024-04-28,14:43:07
4616,USER_6483,Desktop,Email,2024-04-19,13:24:38
4617,USER_5256,Mobile,Social,2024-02-24,17:47:18
4618,USER_6914,Tablet,Direct,2024-07-01,03:26:58
4619,USER_6903,Desktop,Social,2024-06-14,12:06:09
4620,USER_5222,Tablet,Organic,2024-03-29,06:31:18
4621,USER_6638,Tablet,Paid Search,2024-01-08,01:31:30
4622,USER_1324,Mobile,Organic,2024-07-24,18:17:15
4623,USER_7746,Desktop,Paid Search,2024-11-30,07:53:11
4624,USER_2986,Mobile,Social,2024-06-10,10:27:11
4625,USER_6752,Tablet,Paid Search,2024-01-07,06:47:44
4626,USER_4259,Mobile,Paid Search,2024-07-18,16:42:37
4627,USER_9821,Desktop,Social,2024-04-18,19:18:37
4628,USER_3859,Mobile,Email,2024-08-22,18:58:07
4629,USER_5663,Mobile,Organic,2024-04-22,19:28:51
4630,USER_6818,Mobile,Paid Search,2024-02-03,00:04:45
4631,USER_6326,Desktop,Organic,2024-12-02,08:10:56
4632,USER_9363,Desktop,Social,2024-05-22,13:54:42
4633,USER_8987,Mobile,Organic,2024-11-28,04:01:13
4634,USER_8322,Tablet,Social,2024-11-15,14:03:32
4635,USER_2284,Desktop,Organic,2024-07-07,14:52:57
4636,USER_7243,Tablet,Organic,2024-01-23,17:54:10
4637,USER_5694,Desktop,Direct,2024-02-04,03:05:26
4638,USER_8598,Mobile,Organic,2024-04-21,01:53:10
4639,USER_3373,Mobile,Paid Search,2024-07-29,21:42:42
4640,USER_3745,Mobile,Organic,2024-06-03,00:40:51
4641,USER_6527,Tablet,Paid Search,2024-11-02,21:40:16
4642,USER_7911,Desktop,Paid Search,2024-09-12,03:54:59
4643,USER_7631,Tablet,Paid Search,2024-02-22,17:51:05
4644,USER_2168,Desktop,Organic,2024-12-30,07:23:43
4645,USER_2296,Mobile,Paid Search,2024-10-01,22:48:39
4646,USER_3654,Mobile,Social,2024-10-18,18:32:38
4647,USER_6629,Mobile,Email,2024-03-28,16:56:49
4648,USER_4739,Desktop,Paid Search,2024-05-08,18:28:57
4649,USER_6136,Tablet,Social,2024-02-18,04:57:07
4650,USER_6191,Desktop,Organic,2024-11-03,02:28:01
4651,USER_5773,Desktop,Organic,2024-06-15,23:53:34
4652,USER_5382,Mobile,Organic,2024-11-19,16:40:37
4653,USER_7479,Mobile,Organic,2024-12-22,09:59:42
4654,USER_5444,Mobile,Organic,2024-07-17,16:01:52
4655,USER_8289,Desktop,Paid Search,2024-12-13,02:34:59
4656,USER_6950,Desktop,Social,2024-12-21,12:57:16
4657,USER_9535,Mobile,Direct,2024-03-09,09:34:08
4658,USER_8377,Mobile,Organic,2024-06-19,05:48:07
4659,USER_7782,Desktop,Social,2024-03-30,14:56:56
4660,USER_3741,Mobile,Email,2024-11-21,11:33:32
4661,USER_4012,Mobile,Social,2024-12-18,23:59:14
4662,USER_1378,Mobile,Organic,2024-06-11,18:28:32
4663,USER_3048,Mobile,Organic,2024-12-07,11:28:59
4664,USER_4844,Mobile,Organic,2024-09-03,00:34:11
4665,USER_5122,Mobile,Paid Search,2024-02-04,01:51:01
4666,USER_2311,Mobile,Social,2024-06-20,08:34:02
4667,USER_4450,Desktop,Organic,2024-01-10,13:30:20
4668,USER_3734,Mobile,Organic,2024-11-07,15:42:05
4669,USER_7505,Mobile,Social,2024-10-26,05:53:12
4670,USER_2687,Mobile,Email,2024-08-17,12:36:05
4671,USER_2565,Desktop,Paid Search,2024-07-14,09:38:25
4672,USER_2045,Tablet,Social,2024-09-18,02:48:41
4673,USER_8752,Mobile,Paid Search,2024-11-23,21:05:59
4674,USER_9985,Desktop,Organic,2024-04-29,05:32:57
4675,USER_1881,Mobile,Paid Search,2024-09-14,15:43:52
4676,USER_1431,Tablet,Social,2024-10-27,18:17:50
4677,USER_7504,Desktop,Direct,2024-12-26,05:38:42
4678,USER_9584,Tablet,Organic,2024-01-07,13:35:57
4679,USER_2363,Mobile,Paid Search,2024-04-29,16:09:29
4680,USER_2702,Mobile,Paid Search,2024-01-11,23:48:25
4681,USER_5300,Desktop,Paid Search,2024-11-11,18:42:59
4682,USER_3544,Desktop,Organic,2024-03-04,15:42:40
4683,USER_2381,Tablet,Paid Search,2024-06-07,01:17:02
4684,USER_7387,Desktop,Email,2024-05-01,18:22:14
4685,USER_6068,Mobile,Social,2024-08-07,22:07:16
4686,USER_4757,Desktop,Paid Search,2024-05-04,02:50:37
4687,USER_5053,Desktop,Organic,2024-11-13,13:07:22
4688,USER_5655,Desktop,Organic,2024-02-10,13:02:31
4689,USER_8260,Mobile,Paid Search,2024-01-31,17:41:15
4690,USER_3071,Tablet,Email,2024-03-11,05:31:18
4691,USER_3150,Desktop,Direct,2024-07-10,21:57:51
4692,USER_9630,Desktop,Paid Search,2024-09-12,22:35:35
4693,USER_3795,Desktop,Paid Search,2024-05-31,07:21:46
4694,USER_1468,Mobile,Email,2024-04-13,12:22:06
4695,USER_1575,Mobile,Paid Search,2024-03-18,14:37:51
4696,USER_6846,Tablet,Social,2024-07-11,21:42:41
4697,USER_6328,Mobile,Organic,2024-04-14,12:11:18
4698,USER_8801,Mobile,Social,2024-11-24,20:02:56
4699,USER_8654,Desktop,Paid Search,2024-01-20,19:59:26
4700,USER_9856,Tablet,Email,2024-05-01,22:40:18
4701,USER_5463,Desktop,Email,2024-11-02,19:24:24
4702,USER_9987,Desktop,Organic,2024-08-15,17:15:46
4703,USER_8288,Mobile,Social,2024-06-17,08:59:39
4704,USER_3213,Mobile,Email,2024-03-09,13:01:17
4705,USER_9835,Mobile,Paid Search,2024-05-22,14:32:19
4706,USER_3900,Mobile,Organic,2024-06-11,04:04:28
4707,USER_8480,Mobile,Organic,2024-11-25,00:09:35
4708,USER_8126,Desktop,Paid Search,2024-01-21,10:06:24
4709,USER_9576,Mobile,Paid Search,2024-09-23,04:10:59
4710,USER_9745,Mobile,Social,2024-07-31,11:37:48
4711,USER_6073,Mobile,Organic,2024-11-27,07:52:40
4712,USER_6688,Mobile,Email,2024-05-27,13:17:34
4713,USER_8891,Desktop,Organic,2024-01-13,17:08:00
4714,USER_9841,Mobile,Organic,2024-04-27,16:36:50
4715,USER_4721,Mobile,Paid Search,2024-06-18,07:17:34
4716,USER_2467,Desktop,Paid Search,2024-06-24,12:34:44
4717,USER_8239,Mobile,Organic,2024-05-04,16:14:39
4718,USER_6044,Tablet,Organic,2024-04-15,01:56:27
4719,USER_6992,Mobile,Organic,2024-10-03,04:16:25
4720,USER_7753,Tablet,Social,2024-01-28,15:09:48
4721,USER_5256,Desktop,Email,2024-12-06,16:28:38
4722,USER_3551,Desktop,Paid Search,2024-05-07,18:04:27
4723,USER_5973,Desktop,Social,2024-12-17,00:39:53
4724,USER_1172,Mobile,Social,2024-12-22,02:05:19
4725,USER_1001,Desktop,Organic,2024-04-23,02:13:53
4726,USER_9574,Desktop,Direct,2024-11-07,03:37:57
4727,USER_3233,Tablet,Email,2024-07-14,23:15:22
4728,USER_6634,Mobile,Organic,2024-09-23,21:48:38
4729,USER_5698,Mobile,Organic,2024-06-13,20:52:10
4730,USER_8687,Desktop,Organic,2024-04-03,06:45:26
4731,USER_9767,Desktop,Organic,2024-08-14,03:14:13
4732,USER_1136,Desktop,Social,2024-11-18,15:46:26
4733,USER_9059,Mobile,Paid Search,2024-01-04,00:21:11
4734,USER_8816,Tablet,Email,2024-02-03,07:02:58
4735,USER_5908,Mobile,Social,2024-09-08,08:20:35
4736,USER_1149,Desktop,Social,2024-02-05,16:06:25
4737,USER_8052,Mobile,Social,2024-04-08,10:49:53
4738,USER_5799,Desktop,Organic,2024-01-27,22:01:58
4739,USER_4788,Desktop,Paid Search,2024-11-20,05:23:58
4740,USER_1118,Mobile,Social,2024-03-13,08:48:19
4741,USER_9981,Mobile,Organic,2024-04-14,15:09:16
4742,USER_7121,Desktop,Organic,2024-03-05,03:39:06
4743,USER_4089,Desktop,Email,2024-02-16,13:20:41
4744,USER_7745,Tablet,Social,2024-03-29,01:55:12
4745,USER_8161,Desktop,Organic,2024-10-30,22:18:17
4746,USER_7467,Desktop,Social,2024-10-08,00:50:36
4747,USER_5094,Desktop,Email,2024-04-14,13:25:54
4748,USER_3675,Desktop,Paid Search,2024-04-30,02:30:48
4749,USER_7385,Desktop,Organic,2024-09-16,23:30:57
4750,USER_7199,Mobile,Direct,2024-02-10,23:04:49
4751,USER_4614,Desktop,Paid Search,2024-08-06,16:08:44
4752,USER_5308,Mobile,Organic,2024-08-27,08:38:34
4753,USER_2297,Mobile,Paid Search,2024-06-08,18:48:34
4754,USER_7917,Mobile,Email,2024-03-25,20:02:34
4755,USER_4924,Tablet,Organic,2024-04-11,17:58:46
4756,USER_9464,Tablet,Organic,2024-05-05,00:55:25
4757,USER_5454,Desktop,Organic,2024-08-05,14:53:35
4758,USER_5664,Mobile,Direct,2024-03-31,04:06:17
4759,USER_9715,Mobile,Organic,2024-11-06,02:28:17
4760,USER_5404,Tablet,Social,2024-05-07,13:33:54
4761,USER_7765,Mobile,Direct,2024-06-04,03:50:14
4762,USER_4080,Tablet,Organic,2024-05-26,10:39:11
4763,USER_2121,Mobile,Direct,2024-10-22,12:40:24
4764,USER_3988,Desktop,Direct,2024-08-17,08:34:27
4765,USER_3238,Mobile,Email,2024-11-21,19:42:34
4766,USER_5744,Tablet,Organic,2024-04-13,19:51:58
4767,USER_2808,Tablet,Social,2024-05-19,07:44:37
4768,USER_8460,Desktop,Email,2024-09-03,12:44:39
4769,USER_8418,Mobile,Direct,2024-02-10,17:28:19
4770,USER_5458,Desktop,Organic,2024-07-03,16:24:36
4771,USER_9060,Desktop,Email,2024-07-22,09:44:57
4772,USER_4076,Mobile,Paid Search,2024-07-12,02:20:21
4773,USER_6253,Desktop,Organic,2024-03-26,18:16:20
4774,USER_1317,Mobile,Paid Search,2024-08-29,21:03:07
4775,USER_3492,Desktop,Email,2024-08-13,03:39:08
4776,USER_1813,Mobile,Paid Search,2024-08-04,23:38:43
4777,USER_9764,Desktop,Paid Search,2024-09-15,05:03:54
4778,USER_1362,Desktop,Direct,2024-11-08,21:49:30
4779,USER_4046,Desktop,Paid Search,2024-08-09,11:15:44
4780,USER_2675,Desktop,Social,2024-03-20,12:56:44
4781,USER_5622,Desktop,Paid Search,2024-09-03,01:22:07
4782,USER_5410,Desktop,Paid Search,2024-01-11,02:30:05
4783,USER_3048,Mobile,Social,2024-07-14,13:43:46
4784,USER_8183,Desktop,Direct,2024-08-06,01:14:53
4785,USER_1134,Mobile,Paid Search,2024-02-12,19:34:48
4786,USER_4814,Desktop,Email,2024-06-02,17:51:25
4787,USER_2477,Tablet,Organic,2024-10-31,06:26:20
4788,USER_3468,Tablet,Organic,2024-10-02,07:26:45
4789,USER_1241,Mobile,Paid Search,2024-03-19,20:08:06
4790,USER_9086,Desktop,Organic,2024-10-10,16:37:16
4791,USER_4558,Desktop,Organic,2024-03-30,10:23:38
4792,USER_6601,Tablet,Paid Search,2024-05-11,01:24:31
4793,USER_7885,Desktop,Organic,2024-07-13,00:03:01
4794,USER_6104,Desktop,Organic,2024-08-25,19:41:41
4795,USER_9165,Desktop,Paid Search,2024-06-05,18:19:51
4796,USER_7084,Desktop,Social,2024-08-20,04:19:33
4797,USER_8597,Desktop,Direct,2024-05-25,18:16:11
4798,USER_1519,Mobile,Social,2024-07-11,01:18:58
4799,USER_6410,Desktop,Paid Search,2024-10-14,12:24:43
4800,USER_2314,Mobile,Direct,2024-11-06,08:50:57
4801,USER_3393,Desktop,Email,2024-09-03,23:55:35
4802,USER_1918,Desktop,Organic,2024-02-06,19:27:27
4803,USER_5366,Tablet,Organic,2024-06-19,15:26:03
4804,USER_7429,Desktop,Social,2024-03-10,10:50:27
4805,USER_2169,Mobile,Social,2024-08-28,08:10:00
4806,USER_9899,Mobile,Email,2024-04-10,09:20:27
4807,USER_8702,Desktop,Social,2024-03-20,11:31:48
4808,USER_3975,Tablet,Social,2024-04-07,14:21:34
4809,USER_4148,Desktop,Direct,2024-01-03,00:36:28
4810,USER_5097,Tablet,Paid Search,2024-01-07,09:49:20
4811,USER_7251,Desktop,Organic,2024-09-13,07:12:50
4812,USER_1206,Tablet,Email,2024-07-10,16:51:38
4813,USER_2998,Desktop,Organic,2024-09-08,00:27:08
4814,USER_5078,Mobile,Email,2024-07-26,07:54:50
4815,USER_7304,Mobile,Direct,2024-07-31,11:16:51
4816,USER_8257,Tablet,Social,2024-07-21,12:56:24
4817,USER_5049,Tablet,Social,2024-07-10,04:54:40
4818,USER_1549,Mobile,Paid Search,2024-07-15,05:49:26
4819,USER_4263,Tablet,Paid Search,2024-09-07,10:44:18
4820,USER_8550,Desktop,Paid Search,2024-06-06,01:06:25
4821,USER_2539,Desktop,Social,2024-11-24,20:21:38
4822,USER_9538,Desktop,Email,2024-10-28,19:22:14
4823,USER_4415,Desktop,Social,2024-02-06,01:00:44
4824,USER_8746,Desktop,Organic,2024-07-28,21:27:10
4825,USER_7375,Mobile,Paid Search,2024-01-20,05:07:11
4826,USER_6113,Desktop,Email,2024-03-04,04:18:11
4827,USER_6293,Mobile,Paid Search,2024-07-16,14:27:56
4828,USER_3598,Desktop,Paid Search,2024-10-16,15:44:42
4829,USER_1691,Desktop,Email,2024-03-24,15:19:25
4830,USER_9534,Mobile,Social,2024-04-09,04:48:20
4831,USER_3001,Mobile,Paid Search,2024-08-11,19:04:24
4832,USER_5150,Mobile,Email,2024-05-10,00:06:05
4833,USER_8884,Mobile,Organic,2024-06-27,05:17:45
4834,USER_5895,Desktop,Direct,2024-09-17,03:05:23
4835,USER_4255,Mobile,Organic,2024-12-29,16:52:16
4836,USER_6905,Desktop,Organic,2024-09-07,17:51:33
4837,USER_1853,Desktop,Email,2024-11-21,20:24:03
4838,USER_4568,Mobile,Organic,2024-12-18,00:48:57
4839,USER_2850,Desktop,Social,2024-07-07,17:00:06
4840,USER_4866,Desktop,Email,2024-12-22,15:37:33
4841,USER_8113,Tablet,Email,2024-01-30,12:30:45
4842,USER_6316,Tablet,Direct,2024-11-29,15:35:08
4843,USER_1246,Desktop,Organic,2024-07-16,06:55:05
4844,USER_3742,Desktop,Social,2024-08-05,05:36:38
4845,USER_5523,Desktop,Organic,2024-05-06,11:28:59
4846,USER_2960,Desktop,Paid Search,2024-05-04,00:59:51
4847,USER_7484,Tablet,Email,2024-09-01,08:28:08
4848,USER_4982,Desktop,Paid Search,2024-01-18,22:26:50
4849,USER_1146,Mobile,Social,2024-07-04,08:54:10
4850,USER_1688,Desktop,Paid Search,2024-11-19,20:51:27
4851,USER_8786,Tablet,Social,2024-12-27,02:09:46
4852,USER_3539,Desktop,Direct,2024-12-12,03:58:10
4853,USER_7084,Mobile,Organic,2024-01-15,01:13:33
4854,USER_2466,Desktop,Social,2024-12-23,08:14:47
4855,USER_5075,Mobile,Email,2024-12-06,15:21:14
4856,USER_3583,Desktop,Paid Search,2024-11-26,13:22:44
4857,USER_9190,Desktop,Organic,2024-03-16,18:46:24
4858,USER_2497,Tablet,Social,2024-05-13,17:03:29
4859,USER_6544,Tablet,Paid Search,2024-11-05,17:22:52
4860,USER_1983,Tablet,Organic,2024-08-21,20:10:23
4861,USER_1979,Mobile,Email,2024-12-14,08:32:11
4862,USER_6824,Mobile,Paid Search,2024-03-16,09:08:07
4863,USER_3521,Desktop,Direct,2024-05-10,21:35:44
4864,USER_9787,Desktop,Email,2024-05-06,07:32:20
4865,USER_2759,Desktop,Social,2024-11-04,08:23:51
4866,USER_3061,Mobile,Organic,2024-10-23,08:03:02
4867,USER_8992,Desktop,Paid Search,2024-12-05,21:27:16
4868,USER_4812,Desktop,Organic,2024-03-23,09:41:23
4869,USER_6189,Mobile,Direct,2024-01-07,09:41:29
4870,USER_6690,Mobile,Organic,2024-02-29,10:47:09
4871,USER_8187,Desktop,Organic,2024-02-17,06:54:56
4872,USER_4161,Desktop,Paid Search,2024-11-25,02:07:08
4873,USER_1349,Desktop,Organic,2024-12-30,06:09:59
4874,USER_7189,Desktop,Organic,2024-07-15,22:28:18
4875,USER_6868,Desktop,Social,2024-07-22,17:39:48
4876,USER_3207,Mobile,Organic,2024-12-27,23:46:31
4877,USER_5107,Mobile,Organic,2024-10-27,21:39:46
4878,USER_1646,Mobile,Paid Search,2024-02-11,02:28:28
4879,USER_8951,Desktop,Social,2024-09-22,12:48:13
4880,USER_8168,Mobile,Social,2024-04-06,07:42:18
4881,USER_5828,Desktop,Paid Search,2024-08-04,20:41:43
4882,USER_9892,Mobile,Social,2024-03-25,23:10:31
4883,USER_9029,Mobile,Paid Search,2024-08-06,05:01:12
4884,USER_4109,Desktop,Direct,2024-05-09,17:34:24
4885,USER_4057,Desktop,Organic,2024-12-20,21:10:52
4886,USER_9906,Tablet,Social,2024-06-03,02:57:30
4887,USER_6696,Desktop,Email,2024-09-13,11:45:00
4888,USER_6303,Mobile,Email,2024-09-29,20:34:03
4889,USER_8674,Desktop,Organic,2024-12-03,02:38:50
4890,USER_5510,Mobile,Organic,2024-07-14,12:15:52
4891,USER_3627,Desktop,Social,2024-10-27,01:16:21
4892,USER_2128,Desktop,Organic,2024-06-06,22:40:12
4893,USER_9702,Mobile,Email,2024-07-29,01:24:38
4894,USER_3539,Desktop,Social,2024-02-15,07:20:46
4895,USER_8362,Desktop,Social,2024-02-25,17:32:53
4896,USER_5844,Desktop,Organic,2024-11-21,04:17:39
4897,USER_5314,Desktop,Social,2024-10-20,07:21:54
4898,USER_9873,Desktop,Social,2024-06-25,07:56:19
4899,USER_7014,Desktop,Email,2024-03-14,00:02:54
4900,USER_8439,Tablet,Organic,2024-05-17,22:50:40
4901,USER_1011,Desktop,Organic,2024-04-17,23:06:32
4902,USER_9289,Mobile,Paid Search,2024-07-22,02:45:55
4903,USER_7210,Desktop,Organic,2024-12-23,12:28:30
4904,USER_4039,Desktop,Social,2024-06-06,16:18:32
4905,USER_1306,Tablet,Direct,2024-01-04,02:53:27
4906,USER_6965,Desktop,Paid Search,2024-03-27,11:11:17
4907,USER_4912,Tablet,Email,2024-09-08,08:16:58
4908,USER_6254,Desktop,Organic,2024-01-01,21:23:16
4909,USER_2037,Mobile,Organic,2024-02-19,08:27:03
4910,USER_9830,Mobile,Organic,2024-02-05,17:13:52
4911,USER_7348,Tablet,Paid Search,2024-12-22,17:56:23
4912,USER_4110,Mobile,Direct,2024-08-01,22:04:30
4913,USER_9586,Mobile,Organic,2024-09-25,19:39:13
4914,USER_9151,Desktop,Social,2024-08-01,14:45:50
4915,USER_3525,Desktop,Paid Search,2024-12-01,17:06:00
4916,USER_5638,Tablet,Direct,2024-05-27,20:43:41
4917,USER_6285,Desktop,Organic,2024-08-08,23:42:20
4918,USER_7714,Desktop,Organic,2024-03-28,07:41:38
4919,USER_6276,Mobile,Organic,2024-03-31,03:09:34
4920,USER_2809,Desktop,Paid Search,2024-07-10,14:32:32
4921,USER_2577,Tablet,Organic,2024-04-05,21:16:55
4922,USER_9572,Mobile,Email,2024-12-26,17:47:24
4923,USER_2092,Mobile,Social,2024-03-09,19:36:37
4924,USER_1717,Tablet,Social,2024-04-11,13:37:33
4925,USER_3126,Desktop,Paid Search,2024-09-06,16:49:09
4926,USER_3926,Desktop,Organic,2024-04-03,22:38:03
4927,USER_1512,Mobile,Paid Search,2024-09-14,09:20:30
4928,USER_4310,Desktop,Direct,2024-02-26,18:44:08
4929,USER_2753,Mobile,Email,2024-08-18,15:06:17
4930,USER_8952,Tablet,Email,2024-10-17,14:43:08
4931,USER_4139,Mobile,Email,2024-04-18,08:24:14
4932,USER_2617,Desktop,Organic,2024-04-05,01:51:05
4933,USER_1521,Tablet,Organic,2024-04-12,23:38:34
4934,USER_7366,Mobile,Organic,2024-01-31,23:24:45
4935,USER_9026,Mobile,Paid Search,2024-04-03,08:11:17
4936,USER_9615,Desktop,Organic,2024-04-08,04:57:13
4937,USER_5193,Tablet,Paid Search,2024-05-12,17:41:14
4938,USER_1804,Mobile,Social,2024-07-28,18:28:10
4939,USER_7002,Mobile,Email,2024-08-13,16:15:15
4940,USER_4616,Mobile,Social,2024-11-16,18:50:06
4941,USER_2161,Desktop,Direct,2024-11-15,04:07:41
4942,USER_1214,Mobile,Organic,2024-02-25,21:35:31
4943,USER_4419,Mobile,Organic,2024-11-21,00:25:58
4944,USER_9051,Desktop,Social,2024-03-26,05:56:36
4945,USER_2310,Mobile,Organic,2024-02-10,06:11:33
4946,USER_8668,Tablet,Organic,2024-05-30,16:59:03
4947,USER_1994,Mobile,Paid Search,2024-02-13,22:36:35
4948,USER_6913,Mobile,Organic,2024-07-12,06:10:09
4949,USER_7814,Mobile,Paid Search,2024-03-04,03:02:52
4950,USER_7046,Mobile,Paid Search,2024-05-21,03:00:11
4951,USER_1955,Desktop,Paid Search,2024-02-02,07:11:56
4952,USER_5355,Desktop,Social,2024-06-24,00:01:04
4953,USER_9667,Mobile,Paid Search,2024-01-16,22:33:24
4954,USER_1666,Mobile,Organic,2024-10-26,14:27:24
4955,USER_2153,Mobile,Organic,2024-04-30,03:02:58
4956,USER_5979,Mobile,Paid Search,2024-09-01,00:32:53
4957,USER_2276,Desktop,Social,2024-09-05,20:38:42
4958,USER_4537,Mobile,Email,2024-12-10,17:58:51
4959,USER_9511,Desktop,Social,2024-02-21,21:30:45
4960,USER_2591,Mobile,Organic,2024-01-05,12:07:00
4961,USER_2658,Mobile,Social,2024-02-01,17:05:52
4962,USER_4784,Desktop,Social,2024-05-16,09:12:23
4963,USER_9710,Desktop,Paid Search,2024-01-04,12:50:05
4964,USER_7313,Mobile,Paid Search,2024-12-06,09:03:58
4965,USER_4104,Mobile,Paid Search,2024-10-25,23:15:57
4966,USER_4164,Desktop,Social,2024-01-22,17:18:59
4967,USER_9621,Tablet,Social,2024-02-19,10:41:15
4968,USER_5075,Mobile,Organic,2024-04-18,20:05:37
4969,USER_3931,Tablet,Social,2024-09-24,16:48:03
4970,USER_7802,Mobile,Organic,2024-01-04,15:17:26
4971,USER_2728,Mobile,Organic,2024-07-11,17:41:08
4972,USER_6864,Tablet,Direct,2024-11-04,06:20:19
4973,USER_8515,Mobile,Direct,2024-09-23,13:55:37
4974,USER_7997,Mobile,Organic,2024-05-16,10:53:43
4975,USER_2705,Desktop,Paid Search,2024-09-05,03:02:00
4976,USER_3733,Mobile,Organic,2024-08-30,06:46:49
4977,USER_3955,Desktop,Paid Search,2024-06-21,00:29:53
4978,USER_7579,Desktop,Email,2024-11-05,12:58:11
4979,USER_9268,Desktop,Direct,2024-08-07,00:23:52
4980,USER_6529,Desktop,Social,2024-06-21,08:21:47
4981,USER_3591,Tablet,Paid Search,2024-07-08,18:24:28
4982,USER_9747,Desktop,Social,2024-12-15,02:21:01
4983,USER_8258,Mobile,Paid Search,2024-06-24,22:02:27
4984,USER_6772,Mobile,Direct,2024-06-10,13:57:42
4985,USER_6163,Mobile,Email,2024-05-02,12:27:17
4986,USER_6319,Desktop,Social,2024-07-03,02:04:00
4987,USER_7090,Mobile,Paid Search,2024-12-06,20:25:58
4988,USER_7755,Mobile,Organic,2024-07-23,11:19:55
4989,USER_8054,Mobile,Organic,2024-07-12,02:45:05
4990,USER_6299,Mobile,Email,2024-11-08,22:53:57
4991,USER_4943,Tablet,Paid Search,2024-01-30,07:18:00
4992,USER_9939,Mobile,Paid Search,2024-07-01,14:34:20
4993,USER_4504,Desktop,Paid Search,2024-06-18,03:25:39
4994,USER_7145,Mobile,Email,2024-02-21,18:17:49
4995,USER_5162,Desktop,Organic,2024-01-02,19:30:02
4996,USER_6898,Tablet,Email,2024-08-21,16:39:00
4997,USER_8412,Desktop,Email,2024-12-23,11:49:35
4998,USER_8331,Desktop,Direct,2024-07-24,06:27:26
4999,USER_7505,Mobile,Paid Search,2024-03-12,17:12:18
5000,USER_1003,Mobile,Organic,2024-01-14,17:09:24
